total_emissions,node
4.561080021301864e-08,generate_query_node
5.397171711659907e-08,cache_context_node
0.001366018867967174,model_generation_node
0.0014407756588319534,model_validation_node
1.7432215242540447e-07,model_validation_node
0.004400449761802277,FILE_2024-02-14 15.51 06%20-%20Sobel-representations.aird.hepsy
