node,execution_time
wrapper,5.032811880111694
wrapper,4.9274742603302
wrapper,28.029571056365967
wrapper,24.502183437347412
wrapper,23.610407829284668
wrapper,22.784310579299927
wrapper,4.993558883666992
wrapper,25.463322162628174
wrapper,23.421555995941162
wrapper,5.036018371582031
FILE_2024-02-13 16.59 00%20-%20DigitalCam%20Parallel-representations.aird.hepsy,172.76835083961487
