node,execution_time
wrapper,5.041172742843628
wrapper,5.175485849380493
wrapper,37.239357709884644
wrapper,5.097402095794678
FILE_2024-02-13 17.34 01%20-%20FIRFIRGCD-representations.aird.hepsy,57.62261915206909
