node,total_emissions
generate_query_node,4.691386940274481e-08
cache_context_node,1.0152546992199405e-07
model_generation_node,4.474160560192346e-08
model_validation_node,1.0482985761479457e-07
FILE_2024-02-14 15.51 06%20-%20Sobel-representations.aird.hepsy,0.00010968497428606101
