node,total_emissions
generate_query_node,1.4583376022688128e-07
cache_context_node,4.990906955929174e-08
model_generation_node,6.198453888222569e-05
model_validation_node,0.00010992731580928445
model_validation_node,1.6241401694588018e-07
FILE_2024-02-14 15.40 05%20-%20Hepsy%20Example-representations.aird.hepsy,0.0003078021879104261
