node,total_emissions
generate_query_node,3.5606015466064146e-08
cache_context_node,5.418644627692626e-08
model_generation_node,0.00010083721846480383
model_validation_node,1.3858357363895264e-07
FILE_2024-02-14 17.46 10%20-%20JPEG_encoder-representations.aird.hepsy,0.00021202607529581012
