node,total_emissions
generate_query_node,4.3009876620901726e-08
cache_context_node,5.285877494285731e-08
model_generation_node,0.00011978220263166989
model_validation_node,1.3398876106585734e-07
FILE_2024-02-14 17.58 11%20-%20JPEG%20Reduced-representations.aird.hepsy,0.00022921494083722458
