node,total_emissions
generate_query_node,5.1320015864945656e-08
cache_context_node,4.885333694947475e-08
model_generation_node,0.00011046982142678061
model_validation_node,1.547736909499082e-07
FILE_2024-02-14 15.52 07%20-%20Roberts-representations.aird.hepsy,0.0002196909798947152
