node,total_emissions
generate_query_node,3.839959314160835e-08
cache_context_node,4.4366773161210844e-08
model_generation_node,0.00014330322552564523
model_validation_node,1.6977699268448039e-07
FILE_2024-02-13 16.44 00%20-%20DigitalCam%20Nominal-representations.aird.hepsy,0.0002523668529437914
