node,total_emissions
generate_query_node,5.591882932197205e-08
cache_context_node,1.0913102085221922e-07
model_generation_node,0.0001415068380768449
model_validation_node,0.00015510554073512852
model_validation_node,0.00011913642305863896
model_validation_node,2.0580375875271856e-07
FILE_2024-02-14 15.04 04%20-%20RT%20App%20Paper%202-representations.aird.hepsy,0.0005814714940001591
