node,execution_time
wrapper,4.89152979850769
wrapper,4.898822784423828
wrapper,4.8814263343811035
wrapper,4.888733625411987
wrapper,4.870324373245239
wrapper,4.955026626586914
wrapper,4.920304536819458
wrapper,4.888176918029785
wrapper,4.844331741333008
wrapper,4.888496160507202
FILE_2024-02-14 18.30 13%20-%20FIRFIRGCD_HPV-representations.aird.hepsy,53.80798149108887
