node,execution_time
wrapper,4.942276239395142
wrapper,4.898144960403442
wrapper,23.493321895599365
wrapper,24.400347232818604
wrapper,22.12369394302368
wrapper,25.009986877441406
wrapper,4.912249565124512
wrapper,21.430681943893433
wrapper,23.280142307281494
wrapper,4.89045262336731
FILE_2024-02-14 16.25 08%20-%20RASTA-PLP-representations.aird.hepsy,164.30394864082336
