node,execution_time
wrapper,4.937440872192383
wrapper,4.954061985015869
wrapper,30.403788805007935
wrapper,32.88589286804199
wrapper,26.4053635597229
wrapper,5.005252838134766
FILE_2024-02-14 15.04 04%20-%20RT%20App%20Paper%202-representations.aird.hepsy,109.5943489074707
