node,execution_time
wrapper,4.930657863616943
wrapper,4.987359285354614
wrapper,21.604299545288086
wrapper,20.50515365600586
wrapper,21.94086241722107
wrapper,28.05651307106018
wrapper,5.0503950119018555
wrapper,22.4885675907135
wrapper,21.812995433807373
wrapper,4.982100248336792
FILE_2024-02-14 14.50 03%20-%20RT%20App%20Paper-representations.aird.hepsy,161.2159240245819
