node,execution_time
wrapper,4.8723671436309814
wrapper,4.930382251739502
wrapper,16.03759527206421
wrapper,24.642873287200928
wrapper,4.912362098693848
FILE_2024-02-14 15.40 05%20-%20Hepsy%20Example-representations.aird.hepsy,60.264137506484985
