node,execution_time
wrapper,5.337963581085205
wrapper,4.847328186035156
wrapper,23.002551555633545
wrapper,4.955321788787842
FILE_2024-02-14 17.46 10%20-%20JPEG_encoder-representations.aird.hepsy,43.079378604888916
