node,execution_time
wrapper,4.867014169692993
wrapper,4.8444907665252686
wrapper,30.62994384765625
wrapper,5.014143466949463
FILE_2024-02-13 16.44 00%20-%20DigitalCam%20Nominal-representations.aird.hepsy,50.17779755592346
