node,execution_time
wrapper,4.9280242919921875
wrapper,4.895880460739136
wrapper,24.782017469406128
wrapper,4.945682525634766
FILE_2024-02-14 15.52 07%20-%20Roberts-representations.aird.hepsy,44.42851543426514
