node,execution_time
wrapper,4.898222923278809
wrapper,5.007972240447998
wrapper,26.413612365722656
wrapper,4.929646968841553
FILE_2024-02-14 17.58 11%20-%20JPEG%20Reduced-representations.aird.hepsy,46.129138231277466
