node,execution_time
wrapper,4.969959020614624
wrapper,4.990720987319946
wrapper,25.360668659210205
wrapper,27.66432213783264
wrapper,29.900946140289307
wrapper,26.857611894607544
wrapper,4.894376039505005
wrapper,4.861078977584839
wrapper,23.411998510360718
wrapper,4.888639450073242
FILE_2024-02-13 16.59 00%20-%20DigitalCam%20Parallel-representations.aird.hepsy,162.6906886100769
