node,execution_time
wrapper,4.843964338302612
wrapper,4.918416261672974
wrapper,20.49684453010559
wrapper,20.544914722442627
wrapper,22.56319570541382
wrapper,21.348941326141357
wrapper,4.879005670547485
wrapper,20.70062780380249
wrapper,4.9844982624053955
FILE_2024-02-13 17.34 01%20-%20FIRFIRGCD-representations.aird.hepsy,130.11502504348755
