node,execution_time
wrapper,4.927859783172607
wrapper,4.887199640274048
wrapper,4.872831344604492
wrapper,28.006279945373535
wrapper,21.997795581817627
wrapper,30.830201864242554
wrapper,4.919118642807007
wrapper,28.529954195022583
wrapper,4.9088146686553955
FILE_2024-02-14 14.40 02%20-%20RT%20App-representations.aird.hepsy,138.75778007507324
