node,execution_time
wrapper,4.847757339477539
wrapper,4.894411325454712
wrapper,24.595113039016724
wrapper,22.750001192092896
wrapper,24.936758995056152
wrapper,32.71419334411621
wrapper,4.865970849990845
wrapper,4.981091260910034
wrapper,20.828720569610596
wrapper,4.9078145027160645
FILE_2024-02-14 18.17 12%20-%20FIRFIRGCD_ext-representations.aird.hepsy,155.23695707321167
