node,execution_time
wrapper,4.93077540397644
wrapper,4.961181879043579
wrapper,22.41906452178955
wrapper,21.6505925655365
wrapper,20.774776220321655
wrapper,21.166606903076172
wrapper,4.972484350204468
wrapper,22.792292833328247
wrapper,21.129259824752808
wrapper,4.963603734970093
FILE_2024-02-14 17.00 09%20-%20Susan-representations.aird.hepsy,154.6640660762787
