node,execution_time
wrapper,4.912862062454224
wrapper,4.932037591934204
wrapper,4.942258834838867
wrapper,4.921472787857056
FILE_2024-02-14 15.51 06%20-%20Sobel-representations.aird.hepsy,24.597626209259033
