total_emissions,file_name
0.005283167260384915,test-rag.hepsy
0.005652235694619746,TOTAL_APP
