node,execution_time
wrapper,5.352590322494507
wrapper,10.646811485290527
wrapper,5.230174541473389
wrapper,8.646541833877563
wrapper,7.088085651397705
wrapper,7.138385772705078
wrapper,8.486352920532227
wrapper,16.17090082168579
FILE_test-rag.hepsy,83.82653450965881
