total_emissions,node
1.197674474051038e-07,generate_query_node
6.849821165152738e-07,cache_context_node
1.0291164689700063e-06,model_generation_node
5.797311600169596e-07,model_validation_node
0.0001383579714945871,FILE_ex00_writer0001.bpmn
