total_emissions,file_name
0.0007509519303012199,ex09_writer0002.bpmn
0.0005134157254298092,ex10_writer0000.bpmn
0.0013206469827446202,TOTAL_APP
