total_emissions,node
9.969435153535704e-08,generate_query_node
6.50151414653856e-07,cache_context_node
9.439339496283547e-08,model_generation_node
1.3489099687514957e-06,model_validation_node
0.00014517964477254842,FILE_ex03_writer0001.bpmn
