node,execution_time
wrapper,5.415492534637451
wrapper,5.04829478263855
wrapper,25.43059468269348
wrapper,5.124044895172119
FILE_ex07_writer0000.bpmn,45.94548964500427
