node,execution_time
wrapper,4.995995283126831
wrapper,4.913796901702881
wrapper,23.042839765548706
wrapper,27.295620918273926
wrapper,26.070701599121094
wrapper,28.448845863342285
wrapper,5.034292936325073
wrapper,4.924301862716675
wrapper,5.01310658454895
wrapper,4.9691972732543945
FILE_ex09_writer0002.bpmn,139.79014682769775
