file_name,execution_time
ex09_writer0002.bpmn,139.79014682769775
ex10_writer0000.bpmn,97.17528200149536
TOTAL_APP,237.06460809707642
