node,execution_time
wrapper,6.603293418884277
wrapper,5.408980846405029
wrapper,5.43298864364624
wrapper,6.632394790649414
FILE_ex01_writer0001.bpmn,29.604708194732666
