node,execution_time
wrapper,5.59457802772522
wrapper,6.2321553230285645
wrapper,6.755921125411987
wrapper,7.849523305892944
FILE_ex03_writer0001.bpmn,31.768313884735107
