node,execution_time
wrapper,6.080611705780029
wrapper,5.6967551708221436
wrapper,6.883830308914185
wrapper,6.689028978347778
FILE_ex00_writer0001.bpmn,30.97761607170105
