node,execution_time
wrapper,4.9272871017456055
wrapper,4.967141389846802
wrapper,17.224063396453857
wrapper,20.567986726760864
wrapper,19.73864245414734
wrapper,4.9105751514434814
wrapper,4.940904378890991
wrapper,4.931140422821045
wrapper,4.987496852874756
wrapper,4.955482244491577
FILE_ex10_writer0000.bpmn,97.17528200149536
