node,execution_time
wrapper,6.490131378173828
wrapper,6.002622842788696
wrapper,23.18147349357605
wrapper,7.037752151489258
FILE_ex02_writer0001.bpmn,48.97968816757202
