node,total_emissions
generate_query_node,6.805136899870038e-08
cache_context_node,1.0027284183189441e-07
model_generation_node,5.4688156550481594e-08
model_validation_node,1.2056039900501926e-07
FILE_2024-02-14 15.52 07%20-%20Roberts-representations.aird.hepsy,0.00011231192098670441
