node,total_emissions
generate_query_node,3.74764385160782e-08
cache_context_node,5.105484292542667e-08
model_generation_node,5.977889600673965e-05
model_validation_node,1.9297060612715827e-07
FILE_2024-02-14 15.51 06%20-%20Sobel-representations.aird.hepsy,0.00016909593212983569
