node,total_emissions
generate_query_node,5.534184250924318e-08
cache_context_node,5.015687660294561e-08
model_generation_node,3.4713720105715615e-05
model_validation_node,2.0000120208885416e-07
FILE_2024-02-14 15.04 04%20-%20RT%20App%20Paper%202-representations.aird.hepsy,0.00014403358364598938
