node,total_emissions
generate_query_node,8.742803237383091e-08
cache_context_node,9.282249953680343e-08
model_generation_node,9.329437215082469e-08
model_validation_node,7.875934844412499e-08
FILE_2024-02-14 16.25 08%20-%20RASTA-PLP-representations.aird.hepsy,0.00011005911495865258
