node,total_emissions
generate_query_node,6.515684091399503e-08
cache_context_node,1.159144185539739e-07
model_generation_node,2.7342217974653454e-05
model_validation_node,5.1787584783308234e-05
model_validation_node,1.3790886349339532e-07
FILE_2024-02-13 16.44 00%20-%20DigitalCam%20Nominal-representations.aird.hepsy,0.00021877166473706626
