node,execution_time
wrapper,5.081022262573242
wrapper,5.085698843002319
wrapper,12.883949279785156
wrapper,11.797135353088379
wrapper,12.242379665374756
wrapper,5.005889892578125
FILE_2024-02-14 17.58 11%20-%20JPEG%20Reduced-representations.aird.hepsy,57.101969718933105
