total_emissions,file_name
0.007380979506632544,test-rag.hepsy
0.007728760812706405,TOTAL_APP
