file_name,execution_time
test-rag.hepsy,115.41498804092407
TOTAL_APP,115.48624730110168
