node,execution_time
wrapper,5.124311685562134
wrapper,10.189907312393188
wrapper,5.214738607406616
wrapper,8.443326473236084
wrapper,6.596470355987549
wrapper,7.458545684814453
wrapper,8.456709861755371
wrapper,35.32490634918213
FILE_test-rag.hepsy,115.41498804092407
