node,execution_time
wrapper,20.138452291488647
wrapper,18.141353607177734
wrapper,38.276854276657104
wrapper,18.46204710006714
FILE_ex04_writer0008.bpmn,106.87245559692383
