node,execution_time
wrapper,22.358460426330566
wrapper,22.438629627227783
wrapper,55.653470277786255
wrapper,24.842676401138306
FILE_ex05_writer0013.bpmn,137.303786277771
