node,execution_time
wrapper,13.57635235786438
wrapper,13.571824550628662
wrapper,47.38199996948242
wrapper,68.56213665008545
wrapper,62.625391721725464
wrapper,21.242757081985474
wrapper,20.164706230163574
wrapper,16.06503939628601
wrapper,25.184961318969727
wrapper,18.937050819396973
FILE_ex03_writer0001.bpmn,319.62023520469666
