node,total_emissions
generate_query_node,7.742944407226985e-08
cache_context_node,1.574592469773368e-07
model_generation_node,0.001477142619126492
model_validation_node,6.543740144851621e-06
FILE_2024-02-14 15.52 07%20-%20Roberts-representations.aird.hepsy,0.0029032454678088373
