node,total_emissions
generate_query_node,8.853600463791645e-08
cache_context_node,6.831756014173355e-06
model_generation_node,0.0012859242127172467
model_validation_node,0.001081480826181679
model_validation_node,6.526791872430054e-06
FILE_2024-02-14 16.25 08%20-%20RASTA-PLP-representations.aird.hepsy,0.004105062168731174
