node,total_emissions
generate_query_node,4.3038507016179564e-08
cache_context_node,4.644067492425745e-08
model_generation_node,0.0010807265246191085
model_validation_node,7.16111378034197e-06
FILE_2024-02-14 15.40 05%20-%20Hepsy%20Example-representations.aird.hepsy,0.002460482243462399
