node,total_emissions
generate_query_node,7.4435870420558995e-06
cache_context_node,3.872363146532672e-05
model_generation_node,2.734590319244733e-07
model_validation_node,0.0029110205201625487
model_validation_node,0.0011353903890781627
model_validation_node,1.444831540107129e-07
FILE_2024-02-14 14.40 02%20-%20RT%20App-representations.aird.hepsy,0.006450114859699154
