node,total_emissions
generate_query_node,1.503258820920437e-07
cache_context_node,8.914547149281435e-08
model_generation_node,0.0012177904483494804
model_validation_node,6.7516206985265786e-06
FILE_2024-02-14 18.30 13%20-%20FIRFIRGCD_HPV-representations.aird.hepsy,0.003000143468128005
