node,execution_time
wrapper,5.048929452896118
wrapper,5.039577007293701
wrapper,21.355881690979004
wrapper,5.377991676330566
FILE_2024-02-14 15.40 05%20-%20Hepsy%20Example-representations.aird.hepsy,42.05436420440674
