node,execution_time
wrapper,5.058260202407837
wrapper,5.233798265457153
wrapper,24.30080819129944
wrapper,21.00329327583313
wrapper,5.540926456451416
FILE_2024-02-14 16.25 08%20-%20RASTA-PLP-representations.aird.hepsy,66.49513649940491
