node,execution_time
wrapper,4.999555349349976
wrapper,10.016254663467407
wrapper,5.104135751724243
wrapper,11.94132375717163
wrapper,6.216494560241699
wrapper,6.947225093841553
wrapper,11.074473142623901
wrapper,43.44703698158264
wrapper,21.448216199874878
wrapper,4.958588361740112
FILE_2024-02-13 16.44 00%20-%20DigitalCam%20Nominal-representations.aird.hepsy,158.99766755104065
