node,execution_time
wrapper,7.631725311279297
wrapper,7.208279848098755
wrapper,5.827610492706299
wrapper,49.05998516082764
wrapper,22.246728658676147
wrapper,5.737751007080078
FILE_2024-02-14 14.40 02%20-%20RT%20App-representations.aird.hepsy,103.38482141494751
