node,execution_time
wrapper,5.398189544677734
wrapper,5.925112962722778
wrapper,18.67276430130005
wrapper,6.22424840927124
FILE_2024-02-14 17.58 11%20-%20JPEG%20Reduced-representations.aird.hepsy,41.317718505859375
