node,execution_time
wrapper,5.391046762466431
wrapper,5.0752081871032715
wrapper,22.339874029159546
wrapper,24.884104251861572
wrapper,28.160869121551514
wrapper,6.071199893951416
FILE_2024-02-13 17.34 01%20-%20FIRFIRGCD-representations.aird.hepsy,96.859787940979
