node,execution_time
wrapper,5.324038743972778
wrapper,5.478405475616455
wrapper,6.101577520370483
wrapper,27.48534083366394
wrapper,25.422604084014893
wrapper,23.951788425445557
wrapper,28.864996194839478
wrapper,28.19580078125
wrapper,29.498621225357056
wrapper,31.11737585067749
wrapper,5.816607236862183
wrapper,25.95096254348755
wrapper,26.292139291763306
wrapper,5.1507415771484375
FILE_2024-02-14 17.00 09%20-%20Susan-representations.aird.hepsy,279.6716785430908
