node,execution_time
wrapper,5.207627296447754
wrapper,5.132066488265991
wrapper,20.482891082763672
wrapper,5.1239519119262695
FILE_2024-02-14 15.51 06%20-%20Sobel-representations.aird.hepsy,40.978151082992554
