node,execution_time
wrapper,5.180750131607056
wrapper,5.072815418243408
wrapper,26.34933066368103
wrapper,41.817081928253174
wrapper,32.33655619621277
wrapper,5.162186622619629
FILE_2024-02-13 16.59 00%20-%20DigitalCam%20Parallel-representations.aird.hepsy,120.90876865386963
