node,execution_time
wrapper,4.975297927856445
wrapper,4.986387014389038
wrapper,4.968700885772705
wrapper,9.195875883102417
wrapper,13.113279819488525
wrapper,12.93624997138977
wrapper,4.929348468780518
wrapper,11.860682487487793
wrapper,10.028202533721924
wrapper,4.975216627120972
FILE_2024-02-14 14.40 02%20-%20RT%20App-representations.aird.hepsy,86.86275887489319
