node,execution_time
wrapper,4.967941761016846
wrapper,4.997684717178345
wrapper,13.248028755187988
wrapper,5.222077369689941
FILE_2024-02-13 16.44 00%20-%20DigitalCam%20Nominal-representations.aird.hepsy,33.36700105667114
