node,execution_time
wrapper,5.002253770828247
wrapper,5.008230924606323
wrapper,12.277181386947632
wrapper,10.696531772613525
wrapper,10.738940715789795
wrapper,11.291741609573364
wrapper,5.001705169677734
wrapper,10.507142782211304
wrapper,10.229365825653076
wrapper,5.0441694259643555
FILE_2024-02-14 17.58 11%20-%20JPEG%20Reduced-representations.aird.hepsy,90.67894840240479
