node,execution_time
wrapper,5.024684190750122
wrapper,4.95382022857666
wrapper,9.482439994812012
wrapper,13.171290636062622
wrapper,10.059189081192017
wrapper,13.832988500595093
wrapper,4.990970849990845
wrapper,4.984514474868774
wrapper,4.9623894691467285
wrapper,4.959757328033447
FILE_2024-02-14 16.25 08%20-%20RASTA-PLP-representations.aird.hepsy,81.37488555908203
