node,execution_time
wrapper,4.92232346534729
wrapper,4.942716598510742
wrapper,11.43210768699646
wrapper,4.955884218215942
FILE_2024-02-14 18.30 13%20-%20FIRFIRGCD_HPV-representations.aird.hepsy,31.211615085601807
