node,execution_time
wrapper,5.301270961761475
wrapper,5.298660039901733
wrapper,19.48012065887451
wrapper,11.799291133880615
wrapper,5.149521827697754
FILE_2024-02-14 17.00 09%20-%20Susan-representations.aird.hepsy,52.65408754348755
