node,execution_time
wrapper,5.1694324016571045
wrapper,5.430755138397217
wrapper,15.341939210891724
wrapper,23.270105838775635
wrapper,12.369381189346313
wrapper,13.07922887802124
wrapper,5.177434921264648
wrapper,11.837091207504272
wrapper,15.947064876556396
wrapper,5.048133850097656
FILE_2024-02-14 15.51 06%20-%20Sobel-representations.aird.hepsy,117.6797981262207
