node,execution_time
wrapper,4.973821401596069
wrapper,5.002315521240234
wrapper,10.411441087722778
wrapper,12.441670656204224
wrapper,10.686070919036865
wrapper,12.878552436828613
wrapper,5.056984901428223
wrapper,5.091856956481934
wrapper,5.102874755859375
wrapper,5.038104295730591
FILE_2024-02-14 17.00 09%20-%20Susan-representations.aird.hepsy,81.59172749519348
