node,execution_time
wrapper,4.97781229019165
wrapper,4.949300289154053
wrapper,4.934547662734985
wrapper,5.003938913345337
FILE_2024-02-14 16.25 08%20-%20RASTA-PLP-representations.aird.hepsy,24.717448949813843
