node,execution_time
wrapper,5.004664659500122
wrapper,4.912932872772217
wrapper,5.110977411270142
wrapper,4.961915731430054
FILE_2024-02-14 14.50 03%20-%20RT%20App%20Paper-representations.aird.hepsy,24.93694806098938
