node,execution_time
wrapper,4.969280242919922
wrapper,4.911888837814331
wrapper,11.15568494796753
wrapper,4.974258184432983
FILE_2024-02-14 15.04 04%20-%20RT%20App%20Paper%202-representations.aird.hepsy,30.895278453826904
