total_emissions,file_name
0.011797910613518632,test-rag.hepsy
0.012145150055201363,TOTAL_APP
