node,execution_time
wrapper,5.210145473480225
wrapper,10.549186706542969
wrapper,5.142768144607544
wrapper,34.70780539512634
wrapper,6.423051595687866
wrapper,7.610534429550171
wrapper,8.25191617012024
wrapper,67.12024688720703
FILE_test-rag.hepsy,181.01283764839172
