file_name,execution_time
test-rag.hepsy,181.01283764839172
TOTAL_APP,181.04984045028687
