node,execution_time
wrapper,4.9795496463775635
wrapper,5.067452907562256
wrapper,21.382248401641846
wrapper,4.982151031494141
FILE_2024-02-14 15.40 05%20-%20Hepsy%20Example-representations.aird.hepsy,41.39548301696777
