node,execution_time
wrapper,5.036527395248413
wrapper,4.990659952163696
wrapper,31.795206308364868
wrapper,51.568652868270874
wrapper,26.345909118652344
wrapper,31.681613445281982
wrapper,5.200697660446167
wrapper,5.117920637130737
wrapper,30.929709672927856
wrapper,4.974700212478638
FILE_2024-02-14 15.04 04%20-%20RT%20App%20Paper%202-representations.aird.hepsy,202.5925133228302
