node,execution_time
wrapper,4.969105005264282
wrapper,4.959645509719849
wrapper,21.787575244903564
wrapper,5.1325743198394775
FILE_2024-02-13 17.34 01%20-%20FIRFIRGCD-representations.aird.hepsy,41.741605043411255
