node,execution_time
wrapper,5.056112289428711
wrapper,5.108758449554443
wrapper,20.167630910873413
wrapper,18.657115697860718
wrapper,19.400774002075195
wrapper,5.242464780807495
FILE_2024-02-14 17.46 10%20-%20JPEG_encoder-representations.aird.hepsy,78.68524813652039
