node,execution_time
wrapper,4.973675489425659
wrapper,5.018954038619995
wrapper,27.23395276069641
wrapper,28.749472856521606
wrapper,5.012773513793945
FILE_2024-02-14 18.17 12%20-%20FIRFIRGCD_ext-representations.aird.hepsy,75.92081332206726
