node,execution_time
wrapper,5.014217853546143
wrapper,5.000439405441284
wrapper,5.045584201812744
wrapper,22.74746561050415
wrapper,23.7257297039032
wrapper,24.930559158325195
wrapper,4.971871852874756
wrapper,23.515780448913574
wrapper,24.347650289535522
wrapper,4.985248565673828
FILE_2024-02-14 17.00 09%20-%20Susan-representations.aird.hepsy,149.1999638080597
