node,execution_time
wrapper,4.946487665176392
wrapper,5.021204948425293
wrapper,20.261550188064575
wrapper,19.71578025817871
wrapper,20.02180790901184
wrapper,4.992226839065552
FILE_2024-02-14 15.51 06%20-%20Sobel-representations.aird.hepsy,79.91857147216797
