node,execution_time
wrapper,5.139648199081421
wrapper,5.021170616149902
wrapper,5.043013572692871
wrapper,4.933386564254761
FILE_2024-02-14 14.40 02%20-%20RT%20App-representations.aird.hepsy,25.144402980804443
