node,execution_time
wrapper,5.058716058731079
wrapper,4.959882497787476
wrapper,20.904720306396484
wrapper,5.100460052490234
FILE_2024-02-14 17.58 11%20-%20JPEG%20Reduced-representations.aird.hepsy,40.978747606277466
