node,execution_time
wrapper,4.942653179168701
wrapper,4.98162579536438
wrapper,30.505852699279785
wrapper,25.330217599868774
wrapper,28.771730184555054
wrapper,26.503190994262695
wrapper,4.960062742233276
wrapper,25.385982036590576
wrapper,28.60462713241577
wrapper,4.9790358543396
FILE_2024-02-13 16.59 00%20-%20DigitalCam%20Parallel-representations.aird.hepsy,189.90782141685486
