total_emissions,node
5.8575881310341145e-08,generate_query_node
5.81447690270398e-08,cache_context_node
0.0010931018473823695,model_generation_node
1.3618313119409455e-07,model_validation_node
0.0023743278773703477,FILE_2024-02-14 17.58 11%20-%20JPEG%20Reduced-representations.aird.hepsy
