node,execution_time
wrapper,5.126546382904053
wrapper,5.110337972640991
wrapper,22.794865608215332
wrapper,5.069682598114014
FILE_2024-02-14 17.58 11%20-%20JPEG%20Reduced-representations.aird.hepsy,43.15246057510376
