node,execution_time
wrapper,5.135881423950195
wrapper,5.0549774169921875
wrapper,38.28143835067749
wrapper,24.52822971343994
wrapper,30.97375512123108
wrapper,22.87459897994995
wrapper,5.12877631187439
wrapper,27.30365538597107
wrapper,23.362332820892334
wrapper,5.317370891571045
FILE_2024-02-14 17.00 09%20-%20Susan-representations.aird.hepsy,192.9706790447235
