node,execution_time
wrapper,5.01711630821228
wrapper,5.1346142292022705
wrapper,25.601094007492065
wrapper,5.303240776062012
FILE_2024-02-14 15.52 07%20-%20Roberts-representations.aird.hepsy,46.12933850288391
