node,execution_time
wrapper,5.0312180519104
wrapper,5.025851249694824
wrapper,14.664186239242554
wrapper,11.125783205032349
wrapper,5.324462890625
FILE_2024-02-14 16.25 08%20-%20RASTA-PLP-representations.aird.hepsy,46.32204794883728
