node,execution_time
wrapper,5.376431226730347
wrapper,5.065622329711914
wrapper,5.193181276321411
wrapper,13.328229188919067
wrapper,11.720494270324707
wrapper,13.09761643409729
wrapper,5.145870208740234
wrapper,13.904485702514648
wrapper,17.829179286956787
wrapper,5.119333982467651
FILE_2024-02-14 14.40 02%20-%20RT%20App-representations.aird.hepsy,101.28678631782532
