node,execution_time
wrapper,5.310199022293091
wrapper,5.405450105667114
wrapper,14.48087763786316
wrapper,11.128582000732422
wrapper,11.159607887268066
wrapper,10.994018316268921
wrapper,5.239001512527466
wrapper,11.527446746826172
wrapper,11.967949867248535
wrapper,5.302786350250244
FILE_2024-02-14 18.30 13%20-%20FIRFIRGCD_HPV-representations.aird.hepsy,97.83962106704712
