node,execution_time
wrapper,5.183499574661255
wrapper,4.997820854187012
wrapper,25.72414517402649
wrapper,34.398481130599976
wrapper,23.091599941253662
wrapper,5.061507940292358
wrapper,5.019891023635864
wrapper,5.036367654800415
wrapper,5.062095880508423
wrapper,5.0757293701171875
FILE_ex09_writer0002.bpmn,123.65606760978699
