total_emissions,node
1.538102197000844e-07,generate_query_from_metamodel
0.0003483651987919184,generate_query_node
1.6483022799456645e-07,retrieve
0.00033310490255997855,grade_documents
0.00013669582555069981,grade_generation_v_documents_and_question
0.00023206315560223738,evaluate_rag_output
0.00021924097756746716,evaluate_bert_score
0.0009606519717456311,cache_context_node
0.006059849315928129,FILE_test-rag.hepsy
