total_emissions,file_name
0.006059849315928129,test-rag.hepsy
0.006403631630981802,TOTAL_APP
