node,execution_time
wrapper,5.11496114730835
wrapper,10.43541407585144
wrapper,5.258380889892578
wrapper,10.107784986495972
wrapper,7.095113754272461
wrapper,8.526970148086548
wrapper,8.454894304275513
wrapper,19.480947732925415
FILE_test-rag.hepsy,95.19850015640259
