node,execution_time
wrapper,5.307476758956909
wrapper,5.23783278465271
wrapper,17.346883296966553
wrapper,13.441415786743164
wrapper,12.266180992126465
wrapper,15.661000728607178
wrapper,5.623058080673218
wrapper,7.4537951946258545
wrapper,5.840134382247925
wrapper,6.449575424194336
FILE_2024-02-14 17.00 09%20-%20Susan-representations.aird.hepsy,100.76893973350525
