node,execution_time
wrapper,5.2106170654296875
wrapper,5.153826713562012
wrapper,13.843985080718994
wrapper,19.06215763092041
wrapper,11.064486026763916
wrapper,5.668378829956055
FILE_2024-02-14 15.04 04%20-%20RT%20App%20Paper%202-representations.aird.hepsy,65.20328783988953
