node,execution_time
wrapper,5.207112073898315
wrapper,5.275841474533081
wrapper,13.314545631408691
wrapper,9.582361936569214
wrapper,5.585193157196045
FILE_2024-02-14 15.51 06%20-%20Sobel-representations.aird.hepsy,44.220486640930176
