node,execution_time
wrapper,5.170872926712036
wrapper,5.087081670761108
wrapper,16.84780979156494
wrapper,5.220580577850342
FILE_2024-02-13 16.44 00%20-%20DigitalCam%20Nominal-representations.aird.hepsy,37.39789390563965
