node,execution_time
wrapper,5.373380422592163
wrapper,5.144029855728149
wrapper,19.189752340316772
wrapper,14.72631049156189
wrapper,27.936999797821045
wrapper,5.175025939941406
FILE_2024-02-13 16.59 00%20-%20DigitalCam%20Parallel-representations.aird.hepsy,82.593496799469
