node,execution_time
wrapper,5.252023458480835
wrapper,5.1349568367004395
wrapper,13.556312799453735
wrapper,10.20748233795166
wrapper,5.212054252624512
wrapper,5.368710517883301
wrapper,5.516106128692627
wrapper,5.36701512336731
wrapper,5.256154537200928
wrapper,5.114206075668335
FILE_2024-02-14 15.52 07%20-%20Roberts-representations.aird.hepsy,71.19503259658813
