total_emissions,node
8.462321276711706e-08,generate_query_node
1.303789006311665e-07,cache_context_node
0.0002797952782676234,model_generation_node
2.532918821527867e-07,model_validation_node
0.0003919970129079891,FILE_ex00_writer0001.bpmn
