total_emissions,file_name
0.0004972099297657098,ex04_writer0008.bpmn
0.0011883525537576614,ex05_writer0013.bpmn
0.0012057703609355853,ex07_writer0000.bpmn
0.0010884225255764898,ex08_writer0000.bpmn
0.0015903653374876264,ex09_writer0002.bpmn
0.0009476778475540653,ex10_writer0000.bpmn
0.006684831187066583,TOTAL_APP
