node,execution_time
wrapper,5.093754053115845
wrapper,5.088425397872925
wrapper,58.433772563934326
wrapper,61.139607191085815
wrapper,56.69079947471619
wrapper,56.65544867515564
wrapper,5.042320728302002
wrapper,5.09179425239563
wrapper,5.026038408279419
wrapper,5.036400556564331
FILE_ex02_writer0001.bpmn,268.33206152915955
