file_name,execution_time
ex04_writer0008.bpmn,94.4345190525055
ex05_writer0013.bpmn,219.01614046096802
ex07_writer0000.bpmn,222.19047713279724
ex08_writer0000.bpmn,201.1167335510254
ex09_writer0002.bpmn,291.8664267063141
ex10_writer0000.bpmn,175.7331829071045
TOTAL_APP,1204.6755924224854
