node,execution_time
wrapper,5.000126123428345
wrapper,5.012714147567749
wrapper,40.90062379837036
wrapper,43.878363609313965
wrapper,53.65667104721069
wrapper,48.10666584968567
wrapper,5.132616996765137
wrapper,5.151510953903198
wrapper,5.091344118118286
wrapper,5.22315239906311
FILE_ex07_writer0000.bpmn,222.19047713279724
