node,execution_time
wrapper,5.019700288772583
wrapper,5.042999744415283
wrapper,97.092693567276
wrapper,149.73884439468384
wrapper,4.966024160385132
wrapper,4.981600046157837
wrapper,5.070465326309204
wrapper,4.9982733726501465
wrapper,5.000011920928955
wrapper,4.997577428817749
FILE_ex09_writer0002.bpmn,291.8664267063141
