node,execution_time
wrapper,5.071812629699707
wrapper,5.057565689086914
wrapper,71.7798752784729
wrapper,58.895652055740356
wrapper,4.9603917598724365
wrapper,4.967981576919556
wrapper,5.071873903274536
wrapper,4.945574522018433
wrapper,4.983087062835693
wrapper,5.019428014755249
FILE_ex10_writer0000.bpmn,175.7331829071045
