node,execution_time
wrapper,4.987163066864014
wrapper,5.186032772064209
wrapper,80.92788696289062
wrapper,92.4929268360138
wrapper,5.068644285202026
wrapper,5.150860071182251
wrapper,5.050257444381714
wrapper,5.014254331588745
wrapper,5.140802383422852
wrapper,5.05755352973938
FILE_ex05_writer0013.bpmn,219.01614046096802
