node,execution_time
wrapper,4.935956954956055
wrapper,5.032114267349243
wrapper,55.55380082130432
wrapper,5.037144422531128
FILE_ex00_writer0001.bpmn,75.65590763092041
