node,execution_time
wrapper,4.914144515991211
wrapper,4.929832935333252
wrapper,74.63259220123291
wrapper,4.977131128311157
FILE_ex04_writer0008.bpmn,94.4345190525055
