node,execution_time
wrapper,5.0205183029174805
wrapper,5.108545780181885
wrapper,51.02523350715637
wrapper,5.154266357421875
FILE_ex01_writer0001.bpmn,71.27557277679443
