node,execution_time
wrapper,5.190391302108765
wrapper,5.149741172790527
wrapper,73.94270896911621
wrapper,81.58902621269226
wrapper,5.0026373863220215
wrapper,4.98744010925293
wrapper,5.074961423873901
wrapper,5.141745328903198
wrapper,5.017869234085083
wrapper,4.999359607696533
FILE_ex08_writer0000.bpmn,201.1167335510254
