file_name,execution_time
ex05_writer0013.bpmn,247.1166069507599
ex07_writer0000.bpmn,192.24548482894897
ex08_writer0000.bpmn,274.95364451408386
ex09_writer0002.bpmn,309.74817872047424
ex10_writer0000.bpmn,321.45421171188354
TOTAL_APP,1345.9259972572327
