node,execution_time
wrapper,5.27740478515625
wrapper,6.060950994491577
wrapper,80.78990125656128
wrapper,73.05060577392578
wrapper,70.35497331619263
wrapper,59.10708045959473
wrapper,5.061877250671387
wrapper,5.118800401687622
wrapper,5.828521490097046
wrapper,5.529149770736694
FILE_ex10_writer0000.bpmn,321.45421171188354
