total_emissions,node
2.0961715530650088e-07,generate_query_node
1.3528059640449851e-05,cache_context_node
0.0010326527344132468,model_generation_node
2.2319373450002178e-07,model_validation_node
0.0027280673706491067,FILE_2024-02-14 15.40 05%20-%20Hepsy%20Example-representations.aird.hepsy
