total_emissions,node
6.904237770069378e-06,generate_query_node
6.961928380269171e-06,cache_context_node
1.1709301109417107e-07,model_generation_node
6.480870322059423e-06,model_validation_node
0.001642024204022794,FILE_2024-02-14 15.52 07%20-%20Roberts-representations.aird.hepsy
