node,execution_time
wrapper,5.4837586879730225
wrapper,5.318923473358154
wrapper,24.589823007583618
wrapper,13.975140571594238
FILE_2024-02-13 16.44 00%20-%20DigitalCam%20Nominal-representations.aird.hepsy,54.546823024749756
