node,execution_time
wrapper,5.228163480758667
wrapper,5.436005115509033
wrapper,5.812033176422119
wrapper,21.48505163192749
wrapper,22.06408405303955
wrapper,19.935705184936523
wrapper,5.241266250610352
wrapper,28.218255758285522
wrapper,21.88682460784912
wrapper,5.84598708152771
FILE_2024-02-14 14.40 02%20-%20RT%20App-representations.aird.hepsy,146.32409405708313
