node,execution_time
wrapper,5.90045952796936
wrapper,6.308555364608765
wrapper,20.301063299179077
wrapper,21.204224586486816
wrapper,21.322787046432495
wrapper,6.007845640182495
FILE_2024-02-14 16.25 08%20-%20RASTA-PLP-representations.aird.hepsy,86.72284245491028
