node,execution_time
wrapper,5.622720241546631
wrapper,8.31061053276062
wrapper,21.097721576690674
wrapper,5.433696269989014
FILE_2024-02-14 15.40 05%20-%20Hepsy%20Example-representations.aird.hepsy,46.27099084854126
