node,execution_time
wrapper,5.78617000579834
wrapper,6.310770034790039
wrapper,16.465882062911987
wrapper,20.86136221885681
wrapper,20.400609493255615
wrapper,19.625091075897217
wrapper,5.440789222717285
wrapper,19.032989501953125
wrapper,16.882815837860107
wrapper,5.44043755531311
FILE_2024-02-14 14.50 03%20-%20RT%20App%20Paper-representations.aird.hepsy,141.42212581634521
