node,execution_time
wrapper,6.497722864151001
wrapper,8.535377740859985
wrapper,24.48765468597412
wrapper,22.18170714378357
wrapper,25.566930770874023
wrapper,29.418916940689087
wrapper,12.05316162109375
wrapper,19.39303994178772
wrapper,21.447306871414185
wrapper,6.296356439590454
FILE_2024-02-14 17.00 09%20-%20Susan-representations.aird.hepsy,182.48230504989624
