total_emissions,file_name
0.0005324768655404785,ex07_writer0000.bpmn
0.0007985651398752362,ex08_writer0000.bpmn
0.000658009718127948,ex09_writer0002.bpmn
0.0004878341121026464,ex10_writer0000.bpmn
0.002587751530709936,TOTAL_APP
