file_name,execution_time
ex07_writer0000.bpmn,101.07592034339905
ex08_writer0000.bpmn,148.99543929100037
ex09_writer0002.bpmn,123.65606760978699
ex10_writer0000.bpmn,92.9615216255188
TOTAL_APP,466.87023544311523
