node,execution_time
wrapper,5.001998424530029
wrapper,5.301903247833252
wrapper,18.551558256149292
wrapper,5.030816555023193
FILE_ex02_writer0001.bpmn,38.91279745101929
