node,execution_time
wrapper,5.0370869636535645
wrapper,5.044515371322632
wrapper,18.18028736114502
wrapper,5.003046035766602
FILE_ex01_writer0001.bpmn,38.19993734359741
