total_emissions,file_name
0.010878510132248465,test-rag.hepsy
0.011221913225147085,TOTAL_APP
