node,execution_time
wrapper,5.140642881393433
wrapper,10.28285002708435
wrapper,5.211219787597656
wrapper,10.700435400009155
wrapper,6.631565570831299
wrapper,8.241905450820923
wrapper,8.73754072189331
wrapper,83.03772449493408
FILE_test-rag.hepsy,167.2190296649933
