total_emissions,node
4.695160506061226e-08,generate_query_from_metamodel
0.00017714865621417525,generate_query_node
0.00010552309398324852,web_search
0.0004151397529320959,generate_web
2.4937328918790877e-05,grade_generation_v_documents_and_question
0.00017010800595995356,evaluate_web_search_output
9.232394068788099e-05,evaluate_web_bert_score
0.0003390016857328932,cache_context_node
0.0025935662255384528,FILE_test-rag.hepsy
