file_name,total_emissions
test-rag.hepsy,0.0025935662255384528
TOTAL_APP,0.0027525420406403936
