node,execution_time
wrapper,5.0515406131744385
wrapper,10.139893531799316
wrapper,7.68021559715271
wrapper,17.38507580757141
wrapper,5.856043815612793
wrapper,9.810792684555054
wrapper,7.498220682144165
wrapper,14.109415769577026
FILE_test-rag.hepsy,80.01110053062439
