total_emissions,file_name
0.0072815168106670665,test-rag.hepsy
0.007620476499057592,TOTAL_APP
