node,execution_time
wrapper,5.1642372608184814
wrapper,10.47212839126587
wrapper,5.293511390686035
wrapper,25.359143495559692
wrapper,6.352989196777344
wrapper,7.822587251663208
wrapper,8.07736086845398
wrapper,23.237804174423218
FILE_test-rag.hepsy,114.46401381492615
