file_name,execution_time
test-rag.hepsy,114.46401381492615
TOTAL_APP,114.50002479553223
