total_emissions,file_name
0.0045671329137631665,test-rag.hepsy
0.0049238807065389075,TOTAL_APP
