node,execution_time
wrapper,5.732553482055664
wrapper,11.397206783294678
wrapper,5.537142992019653
wrapper,9.397888660430908
wrapper,6.229411840438843
wrapper,6.602948188781738
wrapper,9.227888822555542
wrapper,11.220382928848267
FILE_test-rag.hepsy,72.65354251861572
