total_emissions,node
5.566622940737076e-08,generate_query_node
7.581184108219652e-08,cache_context_node
0.000880104481899988,model_generation_node
1.9990308698911548e-07,model_validation_node
0.0019489804296322442,FILE_2024-02-14 17.46 10%20-%20JPEG_encoder-representations.aird.hepsy
