total_emissions,node
5.9101639786398295e-08,generate_query_node
5.5889741182021716e-08,cache_context_node
0.0010168921892763506,model_generation_node
1.313438279680092e-07,model_validation_node
0.0018076219281723531,FILE_2024-02-13 16.59 00%20-%20DigitalCam%20Parallel-representations.aird.hepsy
