total_emissions,node
6.871051970727522e-06,generate_query_node
5.910512809756397e-08,cache_context_node
0.0008911489169839998,model_generation_node
5.2099115729145295e-06,model_validation_node
0.001876542732544274,FILE_2024-02-14 15.52 07%20-%20Roberts-representations.aird.hepsy
