node,execution_time
wrapper,4.951502323150635
wrapper,5.005361557006836
wrapper,26.822073698043823
wrapper,34.61147451400757
wrapper,23.668964624404907
wrapper,20.303502798080444
wrapper,5.013213396072388
wrapper,24.875583171844482
wrapper,24.656843185424805
wrapper,5.025892734527588
FILE_2024-02-14 14.40 02%20-%20RT%20App-representations.aird.hepsy,179.84302163124084
