node,execution_time
wrapper,4.943660497665405
wrapper,5.006280183792114
wrapper,21.936230182647705
wrapper,21.914372444152832
wrapper,22.562095642089844
wrapper,29.88446593284607
wrapper,5.009577751159668
wrapper,25.828041791915894
wrapper,22.77683687210083
wrapper,5.214510679244995
FILE_2024-02-14 17.00 09%20-%20Susan-representations.aird.hepsy,170.02689146995544
