node,execution_time
wrapper,5.041245698928833
wrapper,5.294405460357666
wrapper,21.8352153301239
wrapper,5.066419839859009
FILE_2024-02-14 17.46 10%20-%20JPEG_encoder-representations.aird.hepsy,42.24986815452576
