node,execution_time
wrapper,4.948734283447266
wrapper,4.946514844894409
wrapper,31.407190084457397
wrapper,5.004141092300415
FILE_2024-02-13 16.59 00%20-%20DigitalCam%20Parallel-representations.aird.hepsy,51.2477593421936
