node,execution_time
wrapper,4.961430311203003
wrapper,5.016508102416992
wrapper,23.081554651260376
wrapper,4.986724853515625
FILE_2024-02-14 17.58 11%20-%20JPEG%20Reduced-representations.aird.hepsy,43.1165566444397
