node,execution_time
wrapper,5.200785160064697
wrapper,5.781834602355957
wrapper,20.315168380737305
wrapper,5.100959062576294
FILE_2024-02-14 18.17 12%20-%20FIRFIRGCD_ext-representations.aird.hepsy,41.40138554573059
