node,execution_time
wrapper,4.967535734176636
wrapper,4.978791952133179
wrapper,72.30361819267273
wrapper,72.22842454910278
wrapper,67.52731966972351
wrapper,66.97174263000488
wrapper,5.090791940689087
wrapper,5.019996643066406
wrapper,5.091076374053955
wrapper,5.004263639450073
FILE_ex07_writer0000.bpmn,314.162721157074
