node,execution_time
wrapper,5.021255016326904
wrapper,5.150575399398804
wrapper,68.01397347450256
wrapper,62.97240900993347
wrapper,55.760053634643555
wrapper,57.52327060699463
wrapper,5.103057146072388
wrapper,5.037998914718628
wrapper,5.057999610900879
wrapper,5.124068021774292
FILE_ex03_writer0001.bpmn,279.74369263648987
