node,total_emissions
generate_query_node,6.581945617767061e-06
cache_context_node,3.880273711328271e-08
model_generation_node,5.232481469824538e-08
model_validation_node,1.280696087076908e-07
FILE_2024-02-14 15.51 06%20-%20Sobel-representations.aird.hepsy,0.0010946298854685637
