node,total_emissions
generate_query_node,6.329786236457972e-06
cache_context_node,4.949035640632918e-08
model_generation_node,0.0013031390147932942
model_validation_node,8.36818687333751e-08
FILE_2024-02-14 15.04 04%20-%20RT%20App%20Paper%202-representations.aird.hepsy,0.0022914109073864535
