node,total_emissions
generate_query_node,4.1483516053470994e-08
cache_context_node,5.009557380286693e-08
model_generation_node,0.0008392584216355647
model_validation_node,6.758213112123981e-06
FILE_2024-02-14 17.46 10%20-%20JPEG_encoder-representations.aird.hepsy,0.0019302816599978323
