node,execution_time
wrapper,4.86318302154541
wrapper,4.963170051574707
wrapper,52.54043221473694
wrapper,4.895681381225586
FILE_2024-02-13 16.59 00%20-%20DigitalCam%20Parallel-representations.aird.hepsy,72.12545132637024
