node,execution_time
wrapper,4.920688152313232
wrapper,4.895274639129639
wrapper,30.716352462768555
wrapper,5.057581663131714
FILE_2024-02-14 15.04 04%20-%20RT%20App%20Paper%202-representations.aird.hepsy,50.501081466674805
