node,execution_time
wrapper,4.8856589794158936
wrapper,4.949015855789185
wrapper,23.325996160507202
wrapper,4.935863256454468
FILE_2024-02-14 14.50 03%20-%20RT%20App%20Paper-representations.aird.hepsy,43.001646757125854
