node,execution_time
wrapper,4.998922348022461
wrapper,4.945546865463257
wrapper,23.693570137023926
wrapper,4.926337480545044
FILE_2024-02-14 17.00 09%20-%20Susan-representations.aird.hepsy,43.48673868179321
