node,execution_time
wrapper,4.8940043449401855
wrapper,5.170482635498047
wrapper,18.19109058380127
wrapper,4.922464609146118
FILE_2024-02-14 17.58 11%20-%20JPEG%20Reduced-representations.aird.hepsy,38.049853563308716
