file_name,total_emissions
test-rag.hepsy,0.0043546053452495626
TOTAL_APP,0.004462912905876841
