node,total_emissions
generate_query_node,5.8387386824354907e-08
cache_context_node,5.981651084104431e-08
model_generation_node,0.00013820970639274492
model_validation_node,0.00014071122018362292
model_validation_node,2.2781622230634626e-07
FILE_2024-02-14 15.04 04%20-%20RT%20App%20Paper%202-representations.aird.hepsy,0.0004240718693794027
