node,total_emissions
generate_query_node,6.944717251241248e-08
cache_context_node,5.6080101012937415e-08
model_generation_node,0.00011142948651343286
model_validation_node,9.489545982055954e-05
model_validation_node,8.812877019428723e-05
model_validation_node,1.533019098625738e-07
FILE_2024-02-13 17.34 01%20-%20FIRFIRGCD-representations.aird.hepsy,0.00046379282760817826
