node,total_emissions
generate_query_node,5.224589744604467e-08
cache_context_node,6.795486531302901e-08
model_generation_node,0.0001190023910474847
model_validation_node,2.1661512319897527e-07
FILE_2024-02-14 17.46 10%20-%20JPEG_encoder-representations.aird.hepsy,0.00022938194947929032
