node,total_emissions
generate_query_node,5.709575994903868e-08
cache_context_node,1.750809262711979e-07
model_generation_node,0.00018090771037221963
model_validation_node,9.769843855193413e-05
model_validation_node,0.00010078725268313403
model_validation_node,2.388235270990337e-07
FILE_2024-02-14 14.50 03%20-%20RT%20App%20Paper-representations.aird.hepsy,0.0005475818487721651
