node,execution_time
wrapper,4.9829113483428955
wrapper,5.028883934020996
wrapper,4.943087100982666
wrapper,4.978027105331421
FILE_2024-02-14 18.17 12%20-%20FIRFIRGCD_ext-representations.aird.hepsy,24.959075212478638
