node,execution_time
wrapper,4.940854549407959
wrapper,4.967710018157959
wrapper,22.587268114089966
wrapper,4.994249105453491
FILE_2024-02-13 16.44 00%20-%20DigitalCam%20Nominal-representations.aird.hepsy,42.383683919906616
