node,execution_time
wrapper,5.0748467445373535
wrapper,5.09457540512085
wrapper,30.077962636947632
wrapper,30.932539224624634
wrapper,5.289537668228149
FILE_2024-02-14 15.04 04%20-%20RT%20App%20Paper%202-representations.aird.hepsy,81.4928367137909
