node,execution_time
wrapper,5.1506569385528564
wrapper,5.271314382553101
wrapper,10.498424291610718
wrapper,10.590010166168213
wrapper,11.904357671737671
wrapper,15.647022247314453
wrapper,5.311964750289917
wrapper,5.161882162094116
wrapper,5.572590589523315
wrapper,5.187907695770264
FILE_2024-02-14 17.58 11%20-%20JPEG%20Reduced-representations.aird.hepsy,85.51575636863708
