node,execution_time
wrapper,5.34681510925293
wrapper,5.165515899658203
wrapper,13.241689443588257
wrapper,10.76315975189209
wrapper,14.081547975540161
wrapper,11.17296051979065
wrapper,5.200798034667969
wrapper,5.166296720504761
wrapper,5.091447830200195
wrapper,5.12812876701355
FILE_2024-02-14 18.30 13%20-%20FIRFIRGCD_HPV-representations.aird.hepsy,85.68669104576111
