node,execution_time
wrapper,5.5726892948150635
wrapper,6.013550281524658
wrapper,12.098999738693237
wrapper,11.076837062835693
wrapper,12.374050378799438
wrapper,10.269738674163818
wrapper,5.145667314529419
wrapper,5.160997152328491
wrapper,14.611680746078491
wrapper,5.439988613128662
FILE_2024-02-14 18.17 12%20-%20FIRFIRGCD_ext-representations.aird.hepsy,92.97074007987976
