node,execution_time
wrapper,5.37814474105835
wrapper,5.222552537918091
wrapper,12.388050317764282
wrapper,23.94594717025757
wrapper,5.3408167362213135
FILE_2024-02-14 15.52 07%20-%20Roberts-representations.aird.hepsy,57.42789840698242
