node,execution_time
wrapper,5.544932842254639
wrapper,5.546175956726074
wrapper,5.628533124923706
wrapper,14.539005279541016
wrapper,13.006732940673828
wrapper,15.098819494247437
wrapper,5.129018068313599
wrapper,15.346522331237793
wrapper,10.266206502914429
wrapper,5.234298944473267
FILE_2024-02-14 14.40 02%20-%20RT%20App-representations.aird.hepsy,100.9559063911438
