node,execution_time
wrapper,5.213951826095581
wrapper,5.333580732345581
wrapper,10.974927425384521
wrapper,5.579329490661621
FILE_2024-02-14 15.40 05%20-%20Hepsy%20Example-representations.aird.hepsy,32.219871520996094
