node,execution_time
wrapper,5.191823244094849
wrapper,5.2700090408325195
wrapper,11.967386722564697
wrapper,5.646449327468872
FILE_2024-02-14 17.46 10%20-%20JPEG_encoder-representations.aird.hepsy,33.30428123474121
