total_emissions,node
4.926545439408062e-08,generate_query_node
7.013143390983827e-08,cache_context_node
0.00017874436530278284,model_generation_node
2.230851848214904e-07,model_validation_node
0.00029143923829223496,FILE_ex01_writer0001.bpmn
