total_emissions,file_name
0.00026751683429130545,ex07_writer0000.bpmn
0.001170214852303603,ex08_writer0000.bpmn
0.0002431757325026609,ex09_writer0002.bpmn
0.0011754581137864819,ex10_writer0000.bpmn
0.0029686993725911767,TOTAL_APP
