node,execution_time
wrapper,4.9730751514434814
wrapper,5.090670108795166
wrapper,44.98702621459961
wrapper,5.091948747634888
FILE_ex02_writer0001.bpmn,65.0984354019165
