file_name,execution_time
ex07_writer0000.bpmn,53.264331579208374
ex08_writer0000.bpmn,216.03726363182068
ex09_writer0002.bpmn,48.80641007423401
ex10_writer0000.bpmn,217.2433819770813
TOTAL_APP,535.5833671092987
