node,execution_time
wrapper,5.070341110229492
wrapper,5.021089553833008
wrapper,38.972261905670166
wrapper,50.39457821846008
wrapper,46.08526563644409
wrapper,45.321410179138184
wrapper,4.98341965675354
wrapper,5.116355657577515
wrapper,5.0029683113098145
wrapper,5.11943793296814
FILE_ex08_writer0000.bpmn,216.03726363182068
