node,execution_time
wrapper,5.079817771911621
wrapper,4.997635364532471
wrapper,28.827520847320557
wrapper,4.960948705673218
FILE_ex09_writer0002.bpmn,48.80641007423401
