node,execution_time
wrapper,4.989896297454834
wrapper,4.970097541809082
wrapper,38.56063652038574
wrapper,39.4173264503479
wrapper,62.28918766975403
wrapper,41.44379663467407
wrapper,5.153873682022095
wrapper,5.262007713317871
wrapper,5.103785276412964
wrapper,5.072689533233643
FILE_ex10_writer0000.bpmn,217.2433819770813
