file_name,execution_time
ex00_writer0001.bpmn,72.91797041893005
ex01_writer0001.bpmn,76.70094871520996
ex02_writer0001.bpmn,142.7019543647766
ex03_writer0001.bpmn,178.0702097415924
ex04_writer0008.bpmn,173.30842208862305
ex05_writer0013.bpmn,184.42294096946716
ex07_writer0000.bpmn,221.23929476737976
ex08_writer0000.bpmn,259.5069160461426
ex09_writer0002.bpmn,160.93714332580566
ex10_writer0000.bpmn,235.95405888557434
TOTAL_APP,1711.0233054161072
