node,execution_time
wrapper,5.267316102981567
wrapper,5.183092355728149
wrapper,93.82539367675781
wrapper,93.24314785003662
wrapper,5.428548097610474
wrapper,5.4703896045684814
wrapper,5.226961612701416
wrapper,5.390939235687256
wrapper,5.283726930618286
wrapper,5.670366525650024
FILE_ex10_writer0000.bpmn,235.95405888557434
