node,execution_time
wrapper,5.427020311355591
wrapper,5.232760667800903
wrapper,47.553242921829224
wrapper,42.86309599876404
wrapper,6.238722085952759
wrapper,5.157791376113892
wrapper,5.15798282623291
wrapper,5.627802610397339
wrapper,6.381994724273682
wrapper,7.96849250793457
FILE_ex02_writer0001.bpmn,142.7019543647766
