file_name,total_emissions
test-rag.hepsy,0.0032090120780693563
TOTAL_APP,0.003296547780285854
