node,execution_time
wrapper,5.048077344894409
wrapper,10.014507055282593
wrapper,6.824598550796509
wrapper,21.713135719299316
wrapper,6.65681266784668
wrapper,8.560596227645874
wrapper,7.935023784637451
wrapper,19.792757987976074
wrapper,6.672937870025635
wrapper,8.61592173576355
wrapper,7.1247124671936035
wrapper,23.427164316177368
FILE_test-rag.hepsy,133.98858094215393
