file_name,total_emissions
ex09_writer0002.bpmn,0.0010474207185750088
ex10_writer0000.bpmn,0.0019254079777918038
TOTAL_APP,0.0030193966736970744
