node,total_emissions
generate_query_node,4.4421692524475985e-08
cache_context_node,4.72140255359459e-08
model_generation_node,0.0007464571361332132
model_validation_node,1.7958124438304014e-07
FILE_2024-02-14 16.25 08%20-%20RASTA-PLP-representations.aird.hepsy,0.0018632401970974577
