node,total_emissions
generate_query_node,4.8297309592635106e-08
cache_context_node,4.140164424182374e-08
model_generation_node,1.215521325247266e-07
model_validation_node,5.777185790126892e-08
FILE_2024-02-14 14.40 02%20-%20RT%20App-representations.aird.hepsy,0.0010180556901914798
