node,total_emissions
generate_query_node,3.954639981070061e-08
cache_context_node,6.155477569255944e-08
model_generation_node,0.0010457198227321678
model_validation_node,1.4498584657111125e-07
FILE_2024-02-14 17.00 09%20-%20Susan-representations.aird.hepsy,0.0021642962066836854
