node,total_emissions
generate_query_node,4.6227230933024415e-08
cache_context_node,6.384041377951514e-06
model_generation_node,0.0008764814977051392
model_validation_node,5.769643215928704e-08
FILE_2024-02-14 15.40 05%20-%20Hepsy%20Example-representations.aird.hepsy,0.0018475312295551636
