node,total_emissions
generate_query_node,4.1387039065830886e-08
cache_context_node,6.771423771664154e-06
model_generation_node,0.001101239625767713
model_validation_node,2.8909895258316618e-06
FILE_2024-02-14 15.52 07%20-%20Roberts-representations.aird.hepsy,0.002223642501367902
