node,total_emissions
generate_query_node,5.088086396158774e-08
cache_context_node,5.937130968292608e-08
model_generation_node,0.0007926347361756806
model_validation_node,1.3959287615585793e-07
FILE_2024-02-14 17.58 11%20-%20JPEG%20Reduced-representations.aird.hepsy,0.0019001707212811256
