node,total_emissions
generate_query_node,4.6391959852129346e-08
cache_context_node,4.543348157067862e-08
model_generation_node,0.0009132139375335177
model_validation_node,6.331350171573811e-08
FILE_2024-02-14 14.50 03%20-%20RT%20App%20Paper-representations.aird.hepsy,0.0019300978172444368
