node,total_emissions
generate_query_node,3.66702216574732e-08
cache_context_node,4.788978014562523e-08
model_generation_node,0.0018541095274010758
model_validation_node,5.6757375178587534e-08
FILE_2024-02-13 17.34 01%20-%20FIRFIRGCD-representations.aird.hepsy,0.0028278931246280077
