node,execution_time
wrapper,4.852049112319946
wrapper,4.876726150512695
wrapper,40.67406344413757
wrapper,4.932226181030273
FILE_2024-02-13 17.34 01%20-%20FIRFIRGCD-representations.aird.hepsy,60.213605642318726
