node,execution_time
wrapper,4.915622711181641
wrapper,5.0376136302948
wrapper,24.240158081054688
wrapper,4.961329221725464
FILE_2024-02-14 15.52 07%20-%20Roberts-representations.aird.hepsy,44.09968590736389
