node,execution_time
wrapper,4.927667140960693
wrapper,4.9190521240234375
wrapper,4.855985403060913
wrapper,5.034964323043823
FILE_2024-02-14 14.40 02%20-%20RT%20App-representations.aird.hepsy,24.610525846481323
