node,execution_time
wrapper,4.891981840133667
wrapper,4.9149510860443115
wrapper,19.79682970046997
wrapper,5.015358924865723
FILE_2024-02-14 17.46 10%20-%20JPEG_encoder-representations.aird.hepsy,39.49968767166138
