node,execution_time
wrapper,4.88386344909668
wrapper,4.9260032176971436
wrapper,21.955371141433716
wrapper,4.896394729614258
FILE_2024-02-14 15.40 05%20-%20Hepsy%20Example-representations.aird.hepsy,41.58814787864685
