node,execution_time
wrapper,4.911360502243042
wrapper,4.872292995452881
wrapper,4.902957439422607
wrapper,4.995617389678955
FILE_2024-02-14 15.51 06%20-%20Sobel-representations.aird.hepsy,24.556166887283325
