node,execution_time
wrapper,4.900984048843384
wrapper,9.861987352371216
wrapper,4.9026641845703125
wrapper,25.932055711746216
wrapper,5.932748317718506
wrapper,7.00864577293396
wrapper,7.647980451583862
wrapper,36.80297803878784
wrapper,28.754915475845337
wrapper,4.918097257614136
FILE_2024-02-13 16.44 00%20-%20DigitalCam%20Nominal-representations.aird.hepsy,176.92887020111084
