node,execution_time
wrapper,4.9369659423828125
wrapper,4.930118560791016
wrapper,18.090442419052124
wrapper,4.964380264282227
FILE_2024-02-14 16.25 08%20-%20RASTA-PLP-representations.aird.hepsy,37.91196584701538
