node,execution_time
wrapper,5.797404527664185
wrapper,6.60152792930603
wrapper,29.332258224487305
wrapper,25.782270669937134
wrapper,23.173614501953125
wrapper,28.49318265914917
wrapper,6.803211688995361
wrapper,37.120694637298584
wrapper,27.132718563079834
wrapper,7.995921850204468
FILE_2024-02-14 16.25 08%20-%20RASTA-PLP-representations.aird.hepsy,204.03414678573608
