node,execution_time
wrapper,5.069667100906372
wrapper,5.056944370269775
wrapper,5.128941059112549
wrapper,35.211135387420654
wrapper,32.94443082809448
wrapper,30.25086545944214
wrapper,5.022663354873657
wrapper,29.567753791809082
wrapper,27.719536304473877
wrapper,5.013580560684204
FILE_2024-02-14 14.40 02%20-%20RT%20App-representations.aird.hepsy,185.98147869110107
