file_name,total_emissions
test-rag.hepsy,0.00433866747161867
TOTAL_APP,0.004441461858228467
