file_name,execution_time
test-rag.hepsy,182.23155212402344
TOTAL_APP,182.27577829360962
