node,execution_time
wrapper,4.990746259689331
wrapper,9.885568141937256
wrapper,6.5324013233184814
wrapper,21.814873456954956
wrapper,6.098711013793945
wrapper,6.331356763839722
wrapper,8.261460065841675
wrapper,20.81735348701477
wrapper,6.6752707958221436
wrapper,7.641798973083496
wrapper,10.353246212005615
wrapper,28.90890097618103
wrapper,6.465162754058838
wrapper,7.256505250930786
wrapper,7.497056484222412
wrapper,21.78731918334961
FILE_test-rag.hepsy,182.23155212402344
