total_emissions,node
5.027074657490275e-08,generate_query_node
5.546082529857154e-08,cache_context_node
0.00013929326381377445,model_generation_node
3.507357524944041e-07,model_validation_node
0.00027478013799050614,FILE_ex05_writer0013.bpmn
