node,execution_time
wrapper,4.987334251403809
wrapper,4.97806715965271
wrapper,15.741958618164062
wrapper,67.41979479789734
wrapper,5.1057515144348145
FILE_ex02_writer0001.bpmn,103.4720094203949
