node,execution_time
wrapper,4.964553356170654
wrapper,5.02599573135376
wrapper,22.369338274002075
wrapper,5.016131401062012
FILE_ex04_writer0008.bpmn,42.339202642440796
