node,execution_time
wrapper,5.22151780128479
wrapper,5.092142343521118
wrapper,18.209654569625854
wrapper,96.94883847236633
wrapper,16.771503925323486
wrapper,51.97428345680237
wrapper,5.464535236358643
wrapper,5.2689902782440186
wrapper,5.254364013671875
wrapper,5.237465143203735
FILE_ex07_writer0000.bpmn,220.70174479484558
