node,execution_time
wrapper,5.406614542007446
wrapper,7.647008657455444
wrapper,23.785579204559326
wrapper,48.754143476486206
wrapper,55.223612785339355
wrapper,60.93584847450256
wrapper,6.85849404335022
wrapper,6.5796799659729
wrapper,5.683671474456787
wrapper,8.172688961029053
FILE_ex10_writer0000.bpmn,234.49913001060486
