node,execution_time
wrapper,9.309719800949097
wrapper,8.349252939224243
wrapper,22.33831286430359
wrapper,7.747889280319214
FILE_ex08_writer0000.bpmn,53.16162610054016
