node,execution_time
wrapper,5.044374942779541
wrapper,5.0908191204071045
wrapper,4.981785535812378
wrapper,5.0694122314453125
FILE_ex01_writer0001.bpmn,25.1807644367218
