node,execution_time
wrapper,5.31211256980896
wrapper,5.1735920906066895
wrapper,40.1699583530426
wrapper,5.008098602294922
FILE_ex00_writer0001.bpmn,60.64740610122681
