total_emissions,node
3.736957453019802e-08,generate_query_node
3.848557589474596e-08,cache_context_node
9.622154186016755e-08,model_generation_node
2.386683405949859e-07,model_validation_node
0.00011435600421532744,FILE_ex08_writer0000.bpmn
