node,execution_time
wrapper,4.9681077003479
wrapper,5.041487216949463
wrapper,41.80172657966614
wrapper,5.097428560256958
FILE_ex00_writer0001.bpmn,61.873467683792114
