node,execution_time
wrapper,5.1272053718566895
wrapper,5.070026397705078
wrapper,25.336395502090454
wrapper,49.426859855651855
wrapper,4.982215881347656
wrapper,5.114093065261841
wrapper,5.093940258026123
wrapper,4.950858116149902
wrapper,5.0257885456085205
wrapper,5.08614182472229
FILE_ex07_writer0000.bpmn,120.2730712890625
