node,execution_time
wrapper,4.968420028686523
wrapper,5.028490304946899
wrapper,38.16156005859375
wrapper,4.9657087326049805
FILE_ex01_writer0001.bpmn,58.18350434303284
