node,execution_time
wrapper,5.060750484466553
wrapper,4.98702597618103
wrapper,5.020452499389648
wrapper,5.104351997375488
FILE_ex05_writer0013.bpmn,25.138794898986816
