node,execution_time
wrapper,4.9268553256988525
wrapper,5.003005266189575
wrapper,72.97634315490723
wrapper,53.907952070236206
wrapper,5.0179126262664795
wrapper,5.066532850265503
wrapper,5.123839616775513
wrapper,5.1021647453308105
wrapper,5.030624628067017
wrapper,5.047587633132935
FILE_ex03_writer0001.bpmn,172.08508706092834
