node,execution_time
wrapper,4.8764002323150635
wrapper,4.8686487674713135
wrapper,39.15775489807129
wrapper,53.772823095321655
wrapper,5.036387920379639
wrapper,5.012422323226929
wrapper,4.898605108261108
wrapper,4.891512870788574
wrapper,5.010371208190918
wrapper,4.8972532749176025
FILE_ex02_writer0001.bpmn,137.30021953582764
