node,execution_time
wrapper,5.1348655223846436
wrapper,5.213480234146118
wrapper,52.54240441322327
wrapper,51.72971177101135
wrapper,5.121430158615112
wrapper,5.263162851333618
wrapper,5.197000980377197
wrapper,5.139538288116455
wrapper,5.170802354812622
wrapper,5.4737396240234375
FILE_ex09_writer0002.bpmn,151.28667831420898
