node,execution_time
wrapper,5.018763303756714
wrapper,5.207298994064331
wrapper,40.21707558631897
wrapper,52.95973229408264
wrapper,67.48484301567078
wrapper,5.019488334655762
wrapper,5.046449661254883
wrapper,5.140207290649414
wrapper,5.045194625854492
wrapper,5.091813564300537
FILE_ex04_writer0008.bpmn,201.15180897712708
