node,execution_time
wrapper,5.088006973266602
wrapper,5.077663898468018
wrapper,5.116065502166748
wrapper,5.423584222793579
FILE_ex08_writer0000.bpmn,25.638809204101562
