total_emissions,node
2.928950308957873e-07,generate_query_node
2.2124787962176227e-07,cache_context_node
0.0002275068443116356,model_generation_node
1.9292395492532136e-06,model_validation_node
0.0003677479132460323,FILE_ex00_writer0001.bpmn
