node,execution_time
wrapper,6.17972469329834
wrapper,11.368242263793945
wrapper,46.50262951850891
wrapper,7.115234136581421
FILE_ex01_writer0001.bpmn,76.70094871520996
