node,execution_time
wrapper,5.340328693389893
wrapper,6.497963190078735
wrapper,66.93037033081055
wrapper,61.73142600059509
wrapper,5.375486135482788
wrapper,5.2859275341033936
wrapper,5.933576583862305
wrapper,5.5314836502075195
wrapper,8.807579278945923
wrapper,6.985132694244385
FILE_ex05_writer0013.bpmn,184.42294096946716
