total_emissions,file_name
0.004547281733794421,test-rag.hepsy
0.004890198100609162,TOTAL_APP
