node,execution_time
wrapper,5.208414793014526
wrapper,10.364076614379883
wrapper,5.441000461578369
wrapper,8.551499605178833
wrapper,6.709089756011963
wrapper,6.673749685287476
wrapper,9.68447494506836
wrapper,9.503556728363037
FILE_test-rag.hepsy,73.24642634391785
