total_emissions,file_name
0.007329115251505963,test-rag.hepsy
0.007665917992229728,TOTAL_APP
