file_name,execution_time
test-rag.hepsy,113.64080166816711
TOTAL_APP,113.68938660621643
