node,execution_time
wrapper,5.283962249755859
wrapper,10.50247597694397
wrapper,5.219525337219238
wrapper,10.829522848129272
wrapper,7.364302635192871
wrapper,8.653421878814697
wrapper,9.125234603881836
wrapper,24.137380361557007
FILE_test-rag.hepsy,113.64080166816711
