total_emissions,node
1.060158394863174e-07,generate_query_node
6.267490230706309e-08,cache_context_node
4.481590739711903e-05,model_generation_node
2.6640437062283823e-07,model_validation_node
0.00016436622101107749,FILE_ex02_writer0001.bpmn
