total_emissions,node
5.433991927482672e-08,generate_query_node
6.113858170983157e-08,cache_context_node
6.939107335360006e-05,model_generation_node
1.6024851317343744e-07,model_validation_node
0.0001846418034402275,FILE_ex01_writer0001.bpmn
