node,execution_time
wrapper,5.2164270877838135
wrapper,5.230255603790283
wrapper,17.766173362731934
wrapper,5.294794082641602
FILE_ex01_writer0001.bpmn,38.512518882751465
