node,execution_time
wrapper,5.193902492523193
wrapper,5.1582252979278564
wrapper,157.48408699035645
wrapper,486.242972612381
wrapper,232.86415886878967
wrapper,5.259967088699341
wrapper,5.370631217956543
wrapper,5.335737705230713
wrapper,5.404261350631714
wrapper,5.266404628753662
FILE_ex03_writer0001.bpmn,918.7582395076752
