node,execution_time
wrapper,6.314652442932129
wrapper,7.019816160202026
wrapper,17.17300534248352
wrapper,5.459648370742798
FILE_ex00_writer0001.bpmn,42.20293974876404
