node,execution_time
wrapper,6.081948757171631
wrapper,5.092445373535156
wrapper,13.254513025283813
wrapper,5.277754545211792
FILE_ex02_writer0001.bpmn,37.925222873687744
