node,total_emissions
generate_query_node,4.2979795869202376e-08
cache_context_node,4.772448603224616e-08
model_generation_node,3.36129620029874e-05
model_validation_node,2.0009326382217115e-07
FILE_2024-02-14 17.58 11%20-%20JPEG%20Reduced-representations.aird.hepsy,0.00014720679005864165
