node,execution_time
wrapper,5.079801321029663
wrapper,5.071018218994141
wrapper,9.840701818466187
wrapper,11.161481857299805
wrapper,5.2533118724823
FILE_2024-02-13 17.34 01%20-%20FIRFIRGCD-representations.aird.hepsy,41.475133180618286
