node,execution_time
wrapper,6.052884101867676
wrapper,5.6723103523254395
wrapper,10.154614210128784
wrapper,9.384811639785767
wrapper,5.175083875656128
FILE_2024-02-14 15.51 06%20-%20Sobel-representations.aird.hepsy,41.54412484169006
