node,execution_time
wrapper,6.824468612670898
wrapper,5.268021821975708
wrapper,8.703959703445435
wrapper,10.428424596786499
wrapper,14.627885818481445
wrapper,9.47776746749878
wrapper,5.2544755935668945
wrapper,5.321830749511719
wrapper,9.8671555519104
wrapper,5.225975036621094
FILE_2024-02-14 15.40 05%20-%20Hepsy%20Example-representations.aird.hepsy,86.03776931762695
