total_emissions,file_name
0.0009826313819307098,ex10_writer0000.bpmn
0.0010107863491650147,TOTAL_APP
