node,execution_time
wrapper,5.010531663894653
wrapper,5.099077224731445
wrapper,49.70223522186279
wrapper,5.045242071151733
FILE_ex04_writer0008.bpmn,70.0376353263855
