node,execution_time
wrapper,5.000033140182495
wrapper,5.072775602340698
wrapper,47.5674524307251
wrapper,69.87520456314087
wrapper,5.068009614944458
FILE_ex05_writer0013.bpmn,137.5744686126709
