file_name,total_emissions
ex00_writer0001.bpmn,0.00010993365123052095
ex01_writer0001.bpmn,0.00011067932159049252
ex02_writer0001.bpmn,0.00010920768477592577
ex03_writer0001.bpmn,0.00010968235987988045
ex04_writer0008.bpmn,0.00010937316672958318
ex05_writer0013.bpmn,0.00010995158049243968
ex07_writer0000.bpmn,0.00011071628638151186
ex08_writer0000.bpmn,0.00010954010873478448
ex09_writer0002.bpmn,0.00010935460461336503
ex10_writer0000.bpmn,0.00011026610931089414
TOTAL_APP,0.0013739696944490534
