node,execution_time
wrapper,4.8988196849823
wrapper,4.868541717529297
wrapper,18.111551761627197
wrapper,4.9820990562438965
FILE_ex08_writer0000.bpmn,37.74802255630493
