node,execution_time
wrapper,4.904113054275513
wrapper,5.0089991092681885
wrapper,34.353121757507324
wrapper,4.926693916320801
FILE_ex09_writer0002.bpmn,54.033114433288574
