node,execution_time
wrapper,4.866305589675903
wrapper,4.906898021697998
wrapper,14.07519793510437
wrapper,4.908878803253174
FILE_ex02_writer0001.bpmn,33.6699652671814
