file_name,precision,recall,f1
2024-02-13 16.44 00%20-%20DigitalCam%20Nominal-representations.aird.hepsy,0.7658026218414307,0.80568927526474,0.7852397561073303
