node,execution_time
wrapper,5.138736963272095
wrapper,10.125646352767944
wrapper,5.146478891372681
wrapper,90.24267864227295
wrapper,6.008861303329468
wrapper,7.507423162460327
wrapper,8.257694244384766
wrapper,42.91347026824951
wrapper,23.71503734588623
wrapper,5.119896411895752
FILE_2024-02-13 16.44 00%20-%20DigitalCam%20Nominal-representations.aird.hepsy,235.77158546447754
