node,execution_time
wrapper,5.044611215591431
wrapper,4.959712743759155
wrapper,25.117048978805542
wrapper,26.367836952209473
wrapper,27.466912984848022
wrapper,24.296995639801025
wrapper,5.101067304611206
wrapper,22.447505474090576
wrapper,22.70090889930725
wrapper,5.037097454071045
FILE_2024-02-14 17.00 09%20-%20Susan-representations.aird.hepsy,173.55039978027344
