total_emissions,file_name
0.007199000235310944,test-rag.hepsy
0.007579678874707641,TOTAL_APP
