file_name,execution_time
test-rag.hepsy,111.97682476043701
TOTAL_APP,112.01174855232239
