node,execution_time
wrapper,5.19647479057312
wrapper,10.632547378540039
wrapper,5.2246081829071045
wrapper,10.78049087524414
wrapper,6.9450812339782715
wrapper,8.221896171569824
wrapper,8.689530849456787
wrapper,29.49975275993347
FILE_test-rag.hepsy,111.97682476043701
