file_name,total_emissions
test-rag.hepsy,0.007492108188362277
TOTAL_APP,0.007686859059608747
