file_name,execution_time
test-rag.hepsy,187.47488403320312
TOTAL_APP,187.52088499069214
