node,execution_time
wrapper,4.925768852233887
wrapper,9.815718173980713
wrapper,7.381862163543701
wrapper,24.912895917892456
wrapper,6.154462099075317
wrapper,8.32119369506836
wrapper,5.641063451766968
wrapper,22.991523265838623
wrapper,5.8195130825042725
wrapper,5.570302486419678
wrapper,7.05715012550354
wrapper,30.575803995132446
wrapper,6.05950665473938
wrapper,8.080920457839966
wrapper,7.351165056228638
wrapper,25.788329124450684
FILE_test-rag.hepsy,187.47488403320312
