node,execution_time
wrapper,7.854959726333618
wrapper,6.620208740234375
wrapper,100.26768326759338
wrapper,41.22403526306152
wrapper,69.22392082214355
wrapper,57.43138647079468
wrapper,5.970401763916016
wrapper,6.796147108078003
wrapper,11.362669229507446
wrapper,5.501394748687744
FILE_ex04_writer0008.bpmn,317.6037929058075
