total_emissions,node
8.964887223770227e-08,generate_query_node
5.9240672217307867e-08,cache_context_node
0.0006303816479756653,model_generation_node
1.5287261299165143e-07,model_validation_node
0.0014136323078264518,FILE_2024-02-13 16.44 00%20-%20DigitalCam%20Nominal-representations.aird.hepsy
