node,execution_time
wrapper,4.958865404129028
wrapper,5.02749490737915
wrapper,20.576064586639404
wrapper,4.934511423110962
FILE_2024-02-13 16.44 00%20-%20DigitalCam%20Nominal-representations.aird.hepsy,40.445109844207764
