node,execution_time
wrapper,5.000687837600708
wrapper,4.996979713439941
wrapper,29.043761730194092
wrapper,30.43480134010315
wrapper,4.9573142528533936
wrapper,5.030022144317627
wrapper,5.014282941818237
wrapper,4.988480806350708
wrapper,4.937244892120361
wrapper,5.138342380523682
FILE_2024-02-14 18.30 13%20-%20FIRFIRGCD_HPV-representations.aird.hepsy,104.50110530853271
