node,execution_time
wrapper,4.922999858856201
wrapper,5.050464391708374
wrapper,24.405917644500732
wrapper,20.03368830680847
wrapper,19.951157331466675
wrapper,5.046102046966553
FILE_2024-02-14 14.50 03%20-%20RT%20App%20Paper-representations.aird.hepsy,84.29768896102905
