total_emissions,file_name
0.004271550614664624,test-rag.hepsy
0.004625140098260564,TOTAL_APP
