node,execution_time
wrapper,5.245081901550293
wrapper,10.497360467910767
wrapper,5.201485872268677
wrapper,9.225506067276001
wrapper,6.360455751419067
wrapper,7.2206878662109375
wrapper,9.038196086883545
wrapper,10.479826927185059
FILE_test-rag.hepsy,68.40945744514465
