total_emissions,file_name
0.007824274647020643,test-rag.hepsy
0.008185341857055745,TOTAL_APP
