node,execution_time
wrapper,5.105306625366211
wrapper,10.233453512191772
wrapper,5.351788759231567
wrapper,23.538081169128418
wrapper,6.121565103530884
wrapper,14.631518363952637
wrapper,8.308072090148926
wrapper,28.170464992523193
FILE_test-rag.hepsy,121.58305311203003
