total_emissions,node
2.123931511018832e-07,generate_query_node
6.766383088615694e-06,cache_context_node
0.004888876328709,model_generation_node
5.686588271702521e-06,model_validation_node
0.006341535829562306,FILE_ex05_writer0013.bpmn
