total_emissions,node
6.78147199911737e-06,generate_query_node
6.074345863424234e-06,cache_context_node
0.004093244195465482,model_generation_node
0.00307189876467564,model_validation_node
0.0036441763553066962,model_validation_node
0.0059489256813650745,model_validation_node
7.229733300154915e-06,model_generation_node
6.921343751492045e-06,model_validation_node
6.830789339511439e-05,model_validation_node
7.103369663050131e-06,model_validation_node
0.020916069628518302,FILE_ex01_writer0001.bpmn
