node,execution_time
wrapper,5.168173313140869
wrapper,5.178030490875244
wrapper,62.79554724693298
wrapper,64.49584603309631
wrapper,56.55914807319641
wrapper,66.61223292350769
wrapper,5.192212104797363
wrapper,5.231494903564453
wrapper,5.040716171264648
wrapper,5.474080324172974
FILE_ex07_writer0000.bpmn,286.8896462917328
