node,execution_time
wrapper,5.451907157897949
wrapper,5.412729024887085
wrapper,38.656670808792114
wrapper,36.49956130981445
wrapper,40.432711362838745
wrapper,36.43611693382263
wrapper,5.4291276931762695
wrapper,5.085153341293335
wrapper,5.1172003746032715
wrapper,5.158141374588013
FILE_ex04_writer0008.bpmn,190.07340693473816
