node,execution_time
wrapper,5.224230766296387
wrapper,5.277048826217651
wrapper,108.57816290855408
wrapper,90.56604766845703
wrapper,86.17226099967957
wrapper,85.53316330909729
wrapper,5.08057975769043
wrapper,5.18739128112793
wrapper,6.105712175369263
wrapper,6.204801559448242
FILE_ex03_writer0001.bpmn,409.0668194293976
