node,execution_time
wrapper,5.935407638549805
wrapper,5.271063804626465
wrapper,79.41189193725586
wrapper,5.44553804397583
FILE_ex05_writer0013.bpmn,101.5696394443512
