node,execution_time
wrapper,5.341341018676758
wrapper,5.240379810333252
wrapper,67.71641111373901
wrapper,52.737223386764526
wrapper,61.75695443153381
wrapper,96.9106981754303
wrapper,6.6960389614105225
wrapper,7.828411817550659
wrapper,8.230052947998047
wrapper,7.708127737045288
FILE_ex01_writer0001.bpmn,325.58692598342896
