total_emissions,node
4.9907271099296404e-08,generate_query_node
4.042203522553077e-08,cache_context_node
0.00011123228002785111,model_generation_node
3.356234917057867e-08,model_validation_node
0.0002279091747705328,FILE_2024-02-14 15.40 05%20-%20Hepsy%20Example-representations.aird.hepsy
