total_emissions,node
4.660788794227213e-08,generate_query_node
3.443857400229481e-08,cache_context_node
0.00016170441988708724,model_generation_node
5.410490219567388e-08,model_validation_node
0.00027839626612018013,FILE_2024-02-14 15.52 07%20-%20Roberts-representations.aird.hepsy
