total_emissions,node
5.895599478370102e-08,generate_query_node
4.925369392130682e-08,cache_context_node
0.00023411556970168033,model_generation_node
5.637569552928843e-08,model_validation_node
0.00035230903527405053,FILE_2024-02-14 14.50 03%20-%20RT%20App%20Paper-representations.aird.hepsy
