node,execution_time
wrapper,5.103316307067871
wrapper,5.084257364273071
wrapper,51.637190103530884
wrapper,5.04087495803833
FILE_2024-02-14 15.04 04%20-%20RT%20App%20Paper%202-representations.aird.hepsy,71.88816547393799
