node,execution_time
wrapper,5.138359308242798
wrapper,5.238711357116699
wrapper,42.28458094596863
wrapper,5.387763261795044
FILE_2024-02-14 16.25 08%20-%20RASTA-PLP-representations.aird.hepsy,63.27098774909973
