node,execution_time
wrapper,5.289167881011963
wrapper,5.25238037109375
wrapper,56.535171031951904
wrapper,5.052674055099487
FILE_2024-02-14 18.30 13%20-%20FIRFIRGCD_HPV-representations.aird.hepsy,77.21785807609558
