node,execution_time
wrapper,5.170349597930908
wrapper,6.230471849441528
wrapper,5.278428554534912
wrapper,5.508714914321899
FILE_2024-02-13 17.34 01%20-%20FIRFIRGCD-representations.aird.hepsy,28.498424768447876
