node,execution_time
wrapper,5.010407209396362
wrapper,5.047549247741699
wrapper,5.105836629867554
wrapper,5.2089478969573975
FILE_2024-02-13 16.44 00%20-%20DigitalCam%20Nominal-representations.aird.hepsy,25.433346271514893
