node,execution_time
wrapper,5.2046778202056885
wrapper,5.422948360443115
wrapper,43.30315113067627
wrapper,5.125210762023926
FILE_2024-02-14 14.40 02%20-%20RT%20App-representations.aird.hepsy,65.96314477920532
