node,execution_time
wrapper,5.26128888130188
wrapper,5.322889089584351
wrapper,25.302324533462524
wrapper,5.097182750701904
FILE_2024-02-14 15.40 05%20-%20Hepsy%20Example-representations.aird.hepsy,46.03839445114136
