node,execution_time
wrapper,5.414877653121948
wrapper,5.3074939250946045
wrapper,34.19883179664612
wrapper,5.226747512817383
FILE_2024-02-14 15.52 07%20-%20Roberts-representations.aird.hepsy,55.61480498313904
