node,execution_time
wrapper,5.041413307189941
wrapper,5.088489770889282
wrapper,44.758140087127686
wrapper,5.088595628738403
FILE_2024-02-14 18.17 12%20-%20FIRFIRGCD_ext-representations.aird.hepsy,65.18796825408936
