node,execution_time
wrapper,5.169740676879883
wrapper,5.250379800796509
wrapper,54.72549104690552
wrapper,5.3931803703308105
FILE_2024-02-14 15.51 06%20-%20Sobel-representations.aird.hepsy,75.57640838623047
