total_emissions,file_name
0.004099515950307265,ex00_writer0001.bpmn
0.003827953553749014,ex01_writer0001.bpmn
0.004666950500421399,ex02_writer0001.bpmn
0.021017431300655982,ex03_writer0001.bpmn
0.005432596381157703,ex04_writer0008.bpmn
0.00925063129548994,ex05_writer0013.bpmn
0.01136833021584302,ex07_writer0000.bpmn
0.009190013320019067,ex08_writer0000.bpmn
0.005500879570990198,ex09_writer0002.bpmn
0.010909311821041668,ex10_writer0000.bpmn
0.08857506270032948,TOTAL_APP
