total_emissions,node
5.016302962715847e-08,generate_query_node
5.6545737106914994e-08,cache_context_node
0.002500936089956122,model_generation_node
1.958167479950296e-07,model_validation_node
0.003827953553749014,FILE_ex01_writer0001.bpmn
