node,execution_time
wrapper,5.112616539001465
wrapper,5.109616279602051
wrapper,47.13692259788513
wrapper,5.076878786087036
FILE_ex00_writer0001.bpmn,67.57221722602844
