node,execution_time
wrapper,5.07779860496521
wrapper,5.053083896636963
wrapper,67.81647729873657
wrapper,61.11229133605957
wrapper,5.152058124542236
FILE_ex05_writer0013.bpmn,149.26997637748718
