node,execution_time
wrapper,5.106119155883789
wrapper,5.028356075286865
wrapper,43.40926814079285
wrapper,5.1074724197387695
FILE_ex01_writer0001.bpmn,63.70856595039368
