node,execution_time
wrapper,5.025798320770264
wrapper,5.1166980266571045
wrapper,68.30695748329163
wrapper,5.085454702377319
FILE_ex04_writer0008.bpmn,88.5096845626831
