node,execution_time
wrapper,5.094078302383423
wrapper,5.021183967590332
wrapper,87.15083932876587
wrapper,92.5483832359314
wrapper,106.42201924324036
wrapper,5.063189268112183
wrapper,6.192243337631226
wrapper,5.286253929138184
wrapper,5.141850233078003
wrapper,5.028665781021118
FILE_ex03_writer0001.bpmn,327.9544997215271
