node,execution_time
wrapper,5.209731101989746
wrapper,5.039778709411621
wrapper,56.55430054664612
wrapper,5.110729455947876
FILE_ex02_writer0001.bpmn,76.99167513847351
