node,execution_time
wrapper,5.128447532653809
wrapper,5.393877983093262
wrapper,47.96340036392212
wrapper,51.53822207450867
wrapper,5.118746995925903
wrapper,5.035292863845825
wrapper,5.101640462875366
wrapper,5.152608871459961
wrapper,5.305953741073608
wrapper,5.275786638259888
FILE_ex08_writer0000.bpmn,146.28245496749878
