node,total_emissions
generate_query_node,4.768784943075559e-08
cache_context_node,4.202019573856262e-08
model_generation_node,9.296533265541892e-05
model_validation_node,0.00015104302690377154
model_validation_node,4.2606578495506957e-07
FILE_2024-02-13 16.59 00%20-%20DigitalCam%20Parallel-representations.aird.hepsy,0.0003862113565455891
