node,total_emissions
generate_query_node,1.5929082777047568e-07
cache_context_node,1.1396210831620381e-07
model_generation_node,2.574702194499301e-05
model_validation_node,3.3725007197196676e-05
model_validation_node,1.417808923902368e-07
FILE_2024-02-13 17.34 01%20-%20FIRFIRGCD-representations.aird.hepsy,0.00020158644373327453
