node,execution_time
wrapper,5.1509363651275635
wrapper,5.056071758270264
wrapper,11.26648497581482
wrapper,5.024848699569702
FILE_2024-02-14 17.46 10%20-%20JPEG_encoder-representations.aird.hepsy,31.512194633483887
