node,execution_time
wrapper,5.098422288894653
wrapper,5.085194826126099
wrapper,11.165599822998047
wrapper,5.229201078414917
FILE_2024-02-14 17.58 11%20-%20JPEG%20Reduced-representations.aird.hepsy,31.549915552139282
