node,execution_time
wrapper,5.1236467361450195
wrapper,5.134119749069214
wrapper,5.210671901702881
wrapper,10.096009254455566
wrapper,5.134247064590454
FILE_2024-02-14 14.40 02%20-%20RT%20App-representations.aird.hepsy,35.69982314109802
