node,execution_time
wrapper,5.078108310699463
wrapper,5.080812454223633
wrapper,21.969897508621216
wrapper,32.33831977844238
wrapper,5.304880857467651
FILE_2024-02-13 16.59 00%20-%20DigitalCam%20Parallel-representations.aird.hepsy,74.80747389793396
