node,execution_time
wrapper,5.11100959777832
wrapper,5.184510231018066
wrapper,10.50011134147644
wrapper,10.953391790390015
wrapper,5.116399765014648
FILE_2024-02-14 14.50 03%20-%20RT%20App%20Paper-representations.aird.hepsy,41.812928676605225
