node,total_emissions
generate_query_node,5.315140588686586e-07
cache_context_node,1.7748121116843734e-07
model_generation_node,7.80797490167323e-05
model_validation_node,6.899001777502627e-05
model_validation_node,1.7413767243785316e-07
FILE_2024-02-14 16.25 08%20-%20RASTA-PLP-representations.aird.hepsy,0.0002963228985573838
