node,execution_time
wrapper,4.943321943283081
wrapper,4.9289281368255615
wrapper,23.014341115951538
wrapper,31.56567358970642
wrapper,27.214125871658325
wrapper,22.490076065063477
wrapper,5.035255670547485
wrapper,23.539700031280518
wrapper,18.916248321533203
wrapper,4.964601755142212
FILE_2024-02-14 17.58 11%20-%20JPEG%20Reduced-representations.aird.hepsy,171.5190224647522
