file_name,total_emissions
test-rag.hepsy,0.0035709604984334076
TOTAL_APP,0.0036796730202403234
