file_name,execution_time
test-rag.hepsy,163.17981839179993
TOTAL_APP,163.20991492271423
