node,execution_time
wrapper,5.062103748321533
wrapper,9.994367122650146
wrapper,7.063782453536987
wrapper,25.480997562408447
wrapper,6.509961128234863
wrapper,8.819290161132812
wrapper,7.711759328842163
wrapper,18.868951559066772
wrapper,6.878694772720337
wrapper,7.887197017669678
wrapper,8.144172191619873
wrapper,9.874008655548096
wrapper,6.3306074142456055
wrapper,8.8056058883667
wrapper,7.348888635635376
wrapper,16.96312665939331
FILE_test-rag.hepsy,163.17981839179993
