total_emissions,file_name
0.00872655059943819,test-rag.hepsy
0.00907349684912509,TOTAL_APP
