node,execution_time
wrapper,5.242299318313599
wrapper,10.580159425735474
wrapper,5.240045785903931
wrapper,10.695964336395264
wrapper,7.407517671585083
wrapper,8.058361291885376
wrapper,9.058309078216553
wrapper,46.087327003479004
FILE_test-rag.hepsy,136.14800643920898
