file_name,execution_time
test-rag.hepsy,136.14800643920898
TOTAL_APP,136.19114089012146
