node,execution_time
wrapper,5.246366024017334
wrapper,5.357102394104004
wrapper,63.1035590171814
wrapper,5.149427175521851
FILE_ex05_writer0013.bpmn,84.02916073799133
