node,execution_time
wrapper,5.175830364227295
wrapper,5.213968992233276
wrapper,85.24669027328491
wrapper,86.81858730316162
wrapper,5.000002145767212
FILE_ex03_writer0001.bpmn,192.4425663948059
