node,execution_time
wrapper,5.127947807312012
wrapper,5.08716082572937
wrapper,51.137277126312256
wrapper,56.344101905822754
wrapper,52.4033317565918
wrapper,5.1522181034088135
FILE_ex10_writer0000.bpmn,180.4291114807129
