file_name,execution_time
ex08_writer0000.bpmn,67.45140075683594
ex09_writer0002.bpmn,135.25362300872803
ex10_writer0000.bpmn,180.4291114807129
TOTAL_APP,383.3981420993805
