node,execution_time
wrapper,5.12293815612793
wrapper,5.055875062942505
wrapper,46.95778775215149
wrapper,5.233792304992676
FILE_ex08_writer0000.bpmn,67.45140075683594
