node,execution_time
wrapper,5.13242769241333
wrapper,5.211575031280518
wrapper,59.21618342399597
wrapper,55.35866618156433
wrapper,5.249229669570923
FILE_ex09_writer0002.bpmn,135.25362300872803
