node,execution_time
wrapper,4.8748252391815186
wrapper,4.858058214187622
wrapper,36.33837270736694
wrapper,4.918713808059692
FILE_ex05_writer0013.bpmn,55.81982636451721
