node,execution_time
wrapper,4.867824077606201
wrapper,4.86842155456543
wrapper,31.155389308929443
wrapper,5.3619771003723145
FILE_ex01_writer0001.bpmn,51.16344714164734
