node,execution_time
wrapper,4.90536642074585
wrapper,4.8742921352386475
wrapper,16.064879179000854
wrapper,5.0171427726745605
FILE_ex04_writer0008.bpmn,35.72201323509216
