node,execution_time
wrapper,4.850755929946899
wrapper,4.847535133361816
wrapper,31.700757265090942
wrapper,4.921549558639526
FILE_ex07_writer0000.bpmn,51.242244720458984
