node,execution_time
wrapper,4.951098680496216
wrapper,4.9877119064331055
wrapper,37.70923829078674
wrapper,4.977973222732544
FILE_ex02_writer0001.bpmn,57.50730276107788
