node,execution_time
wrapper,4.916533708572388
wrapper,4.866445064544678
wrapper,47.01566672325134
wrapper,4.933161735534668
FILE_ex09_writer0002.bpmn,66.64546847343445
