node,execution_time
wrapper,4.883629322052002
wrapper,4.864522695541382
wrapper,31.12835454940796
wrapper,73.11794114112854
wrapper,42.190391063690186
wrapper,80.85036277770996
wrapper,4.988535165786743
wrapper,4.954382419586182
wrapper,4.910171031951904
wrapper,4.98075795173645
FILE_ex03_writer0001.bpmn,261.73087787628174
