node,execution_time
wrapper,4.871993064880371
wrapper,4.8597986698150635
wrapper,40.704400062561035
wrapper,4.91038179397583
FILE_ex08_writer0000.bpmn,60.20849013328552
