node,execution_time
wrapper,4.857060670852661
wrapper,5.027583360671997
wrapper,28.329763650894165
wrapper,4.920841932296753
FILE_ex00_writer0001.bpmn,47.98806858062744
