node,execution_time
wrapper,4.949290037155151
wrapper,4.9822587966918945
wrapper,35.13523054122925
wrapper,4.99165415763855
FILE_ex05_writer0013.bpmn,54.992998361587524
