total_emissions,node
1.130420551544956e-07,generate_query_node
7.623113905326338e-08,cache_context_node
0.005238940273807645,model_generation_node
0.004998249056729545,model_validation_node
0.004297929032774122,model_validation_node
0.005389670519511225,model_validation_node
6.913087303447257e-06,model_generation_node
1.260133166399079e-07,model_validation_node
6.793382901218381e-06,model_validation_node
6.766890830727428e-06,model_validation_node
0.023275200586139373,FILE_ex05_writer0013.bpmn
