node,execution_time
wrapper,5.189241647720337
wrapper,5.265616416931152
wrapper,5.07626485824585
wrapper,5.38244366645813
FILE_ex03_writer0001.bpmn,25.91572070121765
