node,execution_time
wrapper,5.215370416641235
wrapper,5.178147792816162
wrapper,84.40380048751831
wrapper,94.68967723846436
wrapper,97.004967212677
wrapper,5.34015417098999
wrapper,5.047449588775635
wrapper,5.024547100067139
wrapper,5.141916036605835
wrapper,5.360914468765259
FILE_ex01_writer0001.bpmn,317.6693205833435
