node,execution_time
wrapper,5.027491331100464
wrapper,5.166971445083618
wrapper,50.43517231941223
wrapper,45.64224815368652
wrapper,5.267314910888672
FILE_ex00_writer0001.bpmn,116.55288743972778
