node,execution_time
wrapper,5.109286785125732
wrapper,5.147738218307495
wrapper,86.94505643844604
wrapper,82.03286361694336
wrapper,70.99503755569458
wrapper,88.82197499275208
wrapper,5.0311925411224365
wrapper,5.598973035812378
wrapper,5.227391481399536
wrapper,5.179143905639648
FILE_ex05_writer0013.bpmn,365.1680464744568
