file_name,total_emissions
ex00_writer0001.bpmn,0.00011103363778278704
ex01_writer0001.bpmn,0.00011340772470677229
ex02_writer0001.bpmn,0.00011134385135332091
ex03_writer0001.bpmn,0.00011307017861102518
ex04_writer0008.bpmn,0.00011515514655069086
ex05_writer0013.bpmn,0.00011111647618631752
ex07_writer0000.bpmn,0.00011125773781216889
ex08_writer0000.bpmn,0.00011149069896922707
ex09_writer0002.bpmn,0.001189257294662815
ex10_writer0000.bpmn,0.0020975386534249733
TOTAL_APP,0.004464244662697338
