total_emissions,node
5.0368956165823017e-08,generate_query_node
5.203839600335302e-08,cache_context_node
2.1293724695373174e-07,model_generation_node
1.214951855743037e-07,model_validation_node
0.00011149069896922707,FILE_ex08_writer0000.bpmn
