node,execution_time
wrapper,5.323408126831055
wrapper,5.043627738952637
wrapper,44.636152029037476
wrapper,5.088270664215088
FILE_ex01_writer0001.bpmn,65.22221159934998
