node,execution_time
wrapper,4.970546007156372
wrapper,5.058212995529175
wrapper,70.65730786323547
wrapper,65.80302810668945
wrapper,5.057545185089111
wrapper,5.1048970222473145
wrapper,5.038306951522827
wrapper,5.084287643432617
wrapper,5.132141828536987
wrapper,5.045552015304565
FILE_ex05_writer0013.bpmn,181.84057807922363
