node,execution_time
wrapper,5.098869323730469
wrapper,5.003278493881226
wrapper,45.24185299873352
wrapper,37.89182496070862
wrapper,5.183719635009766
wrapper,5.126495122909546
wrapper,4.971586227416992
wrapper,4.992857933044434
wrapper,4.955564260482788
wrapper,4.976446866989136
FILE_ex02_writer0001.bpmn,128.54493355751038
