node,execution_time
wrapper,5.00604510307312
wrapper,4.98295521736145
wrapper,59.60461235046387
wrapper,49.815887451171875
wrapper,5.014160871505737
wrapper,5.049409627914429
wrapper,5.042503595352173
wrapper,5.081916332244873
wrapper,4.94807767868042
wrapper,4.977099657058716
FILE_ex04_writer0008.bpmn,154.4671483039856
