node,execution_time
wrapper,4.984117746353149
wrapper,4.9603893756866455
wrapper,56.72303891181946
wrapper,53.93255400657654
wrapper,5.215202569961548
wrapper,5.072918653488159
wrapper,5.163705825805664
wrapper,5.015254974365234
wrapper,5.011347055435181
wrapper,4.990258455276489
FILE_ex07_writer0000.bpmn,155.98717594146729
