node,execution_time
wrapper,4.9846086502075195
wrapper,5.029654502868652
wrapper,66.84696912765503
wrapper,56.649956703186035
wrapper,55.34247088432312
wrapper,5.0399909019470215
wrapper,5.40395188331604
wrapper,5.150830984115601
wrapper,5.036226272583008
wrapper,5.058650732040405
FILE_ex09_writer0002.bpmn,219.51985573768616
