node,execution_time
wrapper,5.352936744689941
wrapper,5.151160478591919
wrapper,51.93130898475647
wrapper,5.433337211608887
FILE_ex00_writer0001.bpmn,72.83870434761047
