file_name,execution_time
ex00_writer0001.bpmn,25.334566116333008
ex01_writer0001.bpmn,25.275818824768066
ex02_writer0001.bpmn,25.162971258163452
ex03_writer0001.bpmn,25.331818103790283
ex04_writer0008.bpmn,25.038047075271606
ex05_writer0013.bpmn,25.291259050369263
ex07_writer0000.bpmn,25.91818356513977
ex08_writer0000.bpmn,25.272772789001465
ex09_writer0002.bpmn,25.451216220855713
ex10_writer0000.bpmn,25.60279893875122
TOTAL_APP,254.20555424690247
