node,execution_time
wrapper,4.982720613479614
wrapper,5.140667200088501
wrapper,64.54909348487854
wrapper,19.20270037651062
wrapper,51.26914572715759
wrapper,41.25316524505615
wrapper,5.002774715423584
wrapper,4.942323207855225
wrapper,5.5343029499053955
wrapper,5.272790431976318
FILE_ex09_writer0002.bpmn,212.11386275291443
