node,execution_time
wrapper,5.083878517150879
wrapper,5.334214687347412
wrapper,46.31361722946167
wrapper,63.58848690986633
wrapper,5.044110059738159
FILE_ex02_writer0001.bpmn,130.38096046447754
