node,execution_time
wrapper,5.104895114898682
wrapper,5.155024528503418
wrapper,18.730717182159424
wrapper,5.316023111343384
FILE_ex05_writer0013.bpmn,39.40460276603699
