node,execution_time
wrapper,5.0874879360198975
wrapper,5.303776502609253
wrapper,15.122118949890137
wrapper,5.097299575805664
FILE_ex00_writer0001.bpmn,35.60361194610596
