total_emissions,file_name
0.004438923932821439,test-rag.hepsy
0.0047934255330388635,TOTAL_APP
