node,execution_time
wrapper,5.357693433761597
wrapper,10.590299367904663
wrapper,5.500324726104736
wrapper,8.468623161315918
wrapper,6.126320838928223
wrapper,6.620991945266724
wrapper,9.010721683502197
wrapper,11.251033067703247
FILE_test-rag.hepsy,71.04812455177307
