total_emissions,file_name
0.009002251762323395,test-rag.hepsy
0.009348968638937735,TOTAL_APP
