node,execution_time
wrapper,5.712149143218994
wrapper,10.866307020187378
wrapper,5.3104088306427
wrapper,12.733805418014526
wrapper,11.64889645576477
wrapper,8.894742727279663
wrapper,8.735663175582886
wrapper,34.45603656768799
FILE_test-rag.hepsy,138.86702942848206
