file_name,execution_time
test-rag.hepsy,138.86702942848206
TOTAL_APP,138.91090631484985
