total_emissions,node
4.8902771039621827e-08,generate_query_node
4.602017550622861e-08,cache_context_node
0.0001322050445410938,model_generation_node
1.7196081523711976e-07,model_validation_node
0.0002431757325026609,FILE_ex09_writer0002.bpmn
