node,execution_time
wrapper,5.005964994430542
wrapper,5.067559242248535
wrapper,46.168139934539795
wrapper,54.021939516067505
wrapper,5.166875600814819
FILE_ex04_writer0008.bpmn,120.40391778945923
