total_emissions,file_name
0.004417645714095774,test-rag.hepsy
0.004787245890163977,TOTAL_APP
