node,execution_time
wrapper,5.598675012588501
wrapper,11.015193223953247
wrapper,5.241884231567383
wrapper,8.364875793457031
wrapper,6.334259510040283
wrapper,6.535290241241455
wrapper,9.6327383518219
wrapper,10.64445424079895
FILE_test-rag.hepsy,71.10007619857788
