total_emissions,file_name
0.0013639001932266766,ex00_writer0001.bpmn
0.0013307162092137312,ex01_writer0001.bpmn
0.0013354281907611836,ex02_writer0001.bpmn
0.0013798471174592236,ex03_writer0001.bpmn
0.005581039734210082,ex04_writer0008.bpmn
0.023275200586139373,ex05_writer0013.bpmn
0.013163825786269625,ex07_writer0000.bpmn
0.012463259226509147,ex08_writer0000.bpmn
0.008298827775331048,ex09_writer0002.bpmn
0.02531144585681265,ex10_writer0000.bpmn
0.09683418908220158,TOTAL_APP
