file_name,execution_time
ex00_writer0001.bpmn,26.187822103500366
ex01_writer0001.bpmn,25.438323974609375
ex02_writer0001.bpmn,25.437093257904053
ex03_writer0001.bpmn,25.91572070121765
ex04_writer0008.bpmn,90.43677496910095
ex05_writer0013.bpmn,365.1680464744568
ex07_writer0000.bpmn,205.81818628311157
ex08_writer0000.bpmn,196.2753200531006
ex09_writer0002.bpmn,131.2818751335144
ex10_writer0000.bpmn,392.70602583885193
TOTAL_APP,1485.4091312885284
