node,execution_time
wrapper,5.010697841644287
wrapper,5.066216707229614
wrapper,47.94327974319458
wrapper,43.51201128959656
wrapper,37.18612360954285
wrapper,40.96024250984192
wrapper,5.304014682769775
wrapper,5.4308552742004395
wrapper,5.298728942871094
wrapper,5.106245040893555
FILE_ex07_writer0000.bpmn,205.81818628311157
