node,execution_time
wrapper,5.032477855682373
wrapper,5.21184778213501
wrapper,44.75055408477783
wrapper,39.64664125442505
wrapper,5.158496618270874
wrapper,5.257482528686523
wrapper,5.138946533203125
wrapper,5.249467372894287
wrapper,5.412189483642578
wrapper,5.288789749145508
FILE_ex09_writer0002.bpmn,131.2818751335144
