node,execution_time
wrapper,5.257878303527832
wrapper,5.143620729446411
wrapper,82.51876854896545
wrapper,97.30723571777344
wrapper,84.21656584739685
wrapper,90.85973858833313
wrapper,5.622043132781982
wrapper,5.494507789611816
wrapper,5.344174146652222
wrapper,5.800734996795654
FILE_ex10_writer0000.bpmn,392.70602583885193
