node,execution_time
wrapper,5.21397066116333
wrapper,5.190540075302124
wrapper,51.905226945877075
wrapper,59.30619525909424
wrapper,55.0237512588501
wrapper,5.152710676193237
wrapper,4.998565912246704
wrapper,5.086313009262085
wrapper,5.067777156829834
wrapper,5.04923677444458
FILE_ex02_writer0001.bpmn,207.07657861709595
