node,execution_time
wrapper,5.161806344985962
wrapper,5.078963279724121
wrapper,69.37595129013062
wrapper,5.714106321334839
FILE_ex04_writer0008.bpmn,90.43677496910095
