node,execution_time
wrapper,5.01910138130188
wrapper,5.034039497375488
wrapper,56.159778356552124
wrapper,54.36321258544922
wrapper,44.81814503669739
wrapper,5.157470941543579
wrapper,5.244643688201904
wrapper,5.086981296539307
wrapper,5.037846326828003
wrapper,5.159060955047607
FILE_ex08_writer0000.bpmn,196.2753200531006
