node,execution_time
wrapper,5.017812490463257
wrapper,4.968974828720093
wrapper,108.93523669242859
wrapper,111.32051086425781
wrapper,94.74091529846191
wrapper,4.996291637420654
FILE_ex03_writer0001.bpmn,334.9298300743103
