file_name,total_emissions
test-rag.hepsy,0.003973094789975483
TOTAL_APP,0.004097109859327345
