node,execution_time
wrapper,4.987839221954346
wrapper,10.227905511856079
wrapper,6.926770925521851
wrapper,12.767650842666626
wrapper,5.991832971572876
wrapper,7.9111151695251465
wrapper,7.4323410987854
wrapper,18.598992347717285
wrapper,6.4909186363220215
wrapper,8.782719373703003
wrapper,10.629537343978882
wrapper,21.336182832717896
wrapper,6.130961179733276
wrapper,6.402517080307007
wrapper,7.542654514312744
wrapper,21.120872259140015
FILE_test-rag.hepsy,164.48832511901855
