file_name,execution_time
test-rag.hepsy,164.48832511901855
TOTAL_APP,164.52547121047974
