total_emissions,file_name
0.01643076941434073,test-rag.hepsy
0.016774463691061104,TOTAL_APP
