node,execution_time
wrapper,5.125459671020508
wrapper,10.257211685180664
wrapper,5.183135271072388
wrapper,9.182117223739624
wrapper,6.5296173095703125
wrapper,7.917402744293213
wrapper,5.14557671546936
wrapper,11.249897003173828
wrapper,6.352377653121948
wrapper,8.332437515258789
wrapper,5.442279100418091
wrapper,8.388470649719238
wrapper,6.485265731811523
wrapper,10.39374566078186
wrapper,9.546979188919067
wrapper,35.901922941207886
FILE_test-rag.hepsy,248.80034971237183
