file_name,total_emissions
test-rag.hepsy,0.004822740436372109
TOTAL_APP,0.005121659690172963
