node,execution_time
wrapper,4.9528515338897705
wrapper,9.960795164108276
wrapper,7.22615122795105
wrapper,8.133453607559204
wrapper,5.727696657180786
wrapper,5.595240116119385
wrapper,6.454612731933594
wrapper,8.057400465011597
wrapper,5.634652614593506
wrapper,5.916136980056763
wrapper,8.046634674072266
wrapper,8.308589220046997
FILE_test-rag.hepsy,85.1281259059906
