node,total_emissions
generate_query_node,1.4936471777311677e-07
cache_context_node,2.0279269658781282e-07
model_generation_node,0.0012310480463723528
model_validation_node,1.8989504683761267e-07
FILE_2024-02-14 15.40 05%20-%20Hepsy%20Example-representations.aird.hepsy,0.002659304153449503
