node,total_emissions
generate_query_node,5.01679429205181e-08
cache_context_node,4.883470858456513e-08
model_generation_node,0.001668091489678578
model_validation_node,3.1501658618475395e-07
FILE_2024-02-14 15.51 06%20-%20Sobel-representations.aird.hepsy,0.003113181168479817
