node,execution_time
wrapper,5.262211084365845
wrapper,5.1216278076171875
wrapper,23.310964345932007
wrapper,5.257003545761108
FILE_2024-02-14 15.40 05%20-%20Hepsy%20Example-representations.aird.hepsy,43.955737829208374
