node,execution_time
wrapper,5.0659990310668945
wrapper,5.2224650382995605
wrapper,30.007896661758423
wrapper,5.546493053436279
FILE_2024-02-14 15.51 06%20-%20Sobel-representations.aird.hepsy,50.99852776527405
