node,execution_time
wrapper,5.22843861579895
wrapper,5.129735231399536
wrapper,28.87563967704773
wrapper,33.779560804367065
wrapper,30.006258487701416
wrapper,32.1412148475647
wrapper,5.220590114593506
wrapper,5.170736312866211
wrapper,5.200328350067139
wrapper,5.113160133361816
FILE_2024-02-14 15.04 04%20-%20RT%20App%20Paper%202-representations.aird.hepsy,161.0463569164276
