node,execution_time
wrapper,5.24186372756958
wrapper,5.1216278076171875
wrapper,32.03368926048279
wrapper,5.163147449493408
FILE_2024-02-14 15.52 07%20-%20Roberts-representations.aird.hepsy,52.62675714492798
