node,execution_time
wrapper,5.0961761474609375
wrapper,5.11020827293396
wrapper,35.07013726234436
wrapper,31.871909856796265
wrapper,5.165590047836304
FILE_2024-02-14 16.25 08%20-%20RASTA-PLP-representations.aird.hepsy,87.38257336616516
