node,execution_time
wrapper,5.295239448547363
wrapper,5.309907913208008
wrapper,5.259213924407959
wrapper,24.015541553497314
wrapper,33.81123685836792
wrapper,5.927212238311768
FILE_2024-02-14 14.40 02%20-%20RT%20App-representations.aird.hepsy,84.76630973815918
