total_emissions,file_name
0.0008593470370628377,test-rag.hepsy
0.000904445625436099,TOTAL_APP
