node,execution_time
wrapper,5.017460584640503
wrapper,10.255135297775269
wrapper,6.752101898193359
wrapper,14.667763948440552
wrapper,5.561844348907471
wrapper,6.998690128326416
wrapper,7.266704559326172
wrapper,11.333064079284668
FILE_test-rag.hepsy,68.67896389961243
