total_emissions,file_name
0.007167827949212438,test-rag.hepsy
0.007517724861959301,TOTAL_APP
