node,execution_time
wrapper,5.09304404258728
wrapper,10.271858215332031
wrapper,5.064647197723389
wrapper,25.493112564086914
wrapper,7.070439577102661
wrapper,7.6143341064453125
wrapper,7.913928508758545
wrapper,23.27091407775879
FILE_test-rag.hepsy,112.14032173156738
