file_name,execution_time
test-rag.hepsy,112.14032173156738
TOTAL_APP,112.20732545852661
