node,execution_time
wrapper,4.90652871131897
wrapper,9.933620929718018
wrapper,4.94136118888855
wrapper,165.96824431419373
wrapper,6.1058337688446045
wrapper,6.97648811340332
wrapper,9.078582048416138
wrapper,35.70005941390991
wrapper,20.038608074188232
wrapper,5.22308874130249
FILE_2024-02-13 16.44 00%20-%20DigitalCam%20Nominal-representations.aird.hepsy,297.24861454963684
