node,total_emissions
generate_query_node,3.0286901731133145e-07
cache_context_node,1.029837822107036e-05
model_generation_node,0.00011752236165425895
model_validation_node,2.3657772667909564e-07
FILE_2024-02-14 17.46 10%20-%20JPEG_encoder-representations.aird.hepsy,0.0003639682117940532
