node,execution_time
wrapper,5.243421316146851
wrapper,5.010941982269287
wrapper,32.423917293548584
wrapper,36.401715993881226
wrapper,30.13561725616455
wrapper,24.621992588043213
wrapper,5.509236812591553
wrapper,36.31317067146301
wrapper,37.42969107627869
wrapper,5.216632604598999
FILE_2024-02-14 15.04 04%20-%20RT%20App%20Paper%202-representations.aird.hepsy,223.37541794776917
