node,execution_time
wrapper,5.133002519607544
wrapper,5.202930688858032
wrapper,38.869375705718994
wrapper,5.329153060913086
FILE_2024-02-13 16.44 00%20-%20DigitalCam%20Nominal-representations.aird.hepsy,60.0349063873291
