total_emissions,node
5.414803665774174e-05,generate_query_node
6.305970098502683e-05,cache_context_node
0.0021083831848976555,model_generation_node
0.00011920643450662419,model_validation_node
0.008447158568109348,FILE_ex05_writer0013.bpmn
