node,execution_time
wrapper,15.238413572311401
wrapper,17.982300758361816
wrapper,34.282187938690186
wrapper,16.91878890991211
FILE_ex01_writer0001.bpmn,96.50139164924622
