total_emissions,file_name
0.0041773994759626,test-rag.hepsy
0.004551347214607256,TOTAL_APP
