node,execution_time
wrapper,5.552793502807617
wrapper,11.303043127059937
wrapper,5.255908727645874
wrapper,8.231093883514404
wrapper,6.515335321426392
wrapper,6.62474513053894
wrapper,9.538012504577637
wrapper,9.513239860534668
FILE_test-rag.hepsy,67.3361325263977
