node,execution_time
wrapper,4.982976198196411
wrapper,5.009185552597046
wrapper,12.261217594146729
wrapper,10.605280637741089
wrapper,4.999752044677734
wrapper,4.981551170349121
wrapper,5.0346386432647705
wrapper,5.043402433395386
wrapper,5.00672459602356
wrapper,4.984906435012817
FILE_2024-02-13 16.44 00%20-%20DigitalCam%20Nominal-representations.aird.hepsy,67.93260550498962
