node,execution_time
wrapper,5.015043497085571
wrapper,5.026599407196045
wrapper,12.306360721588135
wrapper,12.27508020401001
wrapper,11.906950950622559
wrapper,11.905546426773071
wrapper,5.021520614624023
wrapper,13.019413709640503
wrapper,12.531134605407715
wrapper,4.983104467391968
FILE_2024-02-14 17.00 09%20-%20Susan-representations.aird.hepsy,98.95942115783691
