node,execution_time
wrapper,5.014660120010376
wrapper,4.980470657348633
wrapper,13.0757474899292
wrapper,12.62856149673462
wrapper,12.381010293960571
wrapper,12.327807664871216
wrapper,5.101619720458984
wrapper,12.60106086730957
wrapper,12.022532224655151
wrapper,5.032528877258301
FILE_2024-02-14 17.58 11%20-%20JPEG%20Reduced-representations.aird.hepsy,100.15966582298279
