node,execution_time
wrapper,5.118938207626343
wrapper,5.042183876037598
wrapper,12.423181295394897
wrapper,12.662368774414062
wrapper,12.313406229019165
wrapper,12.231377124786377
wrapper,5.006994962692261
wrapper,12.630959749221802
wrapper,13.54623031616211
wrapper,5.035281181335449
FILE_2024-02-14 18.17 12%20-%20FIRFIRGCD_ext-representations.aird.hepsy,101.01189875602722
