node,execution_time
wrapper,5.076452970504761
wrapper,5.054460525512695
wrapper,10.81171441078186
wrapper,10.455017328262329
wrapper,5.032164573669434
wrapper,5.0851051807403564
wrapper,5.0784008502960205
wrapper,5.027888774871826
wrapper,5.068974256515503
wrapper,5.009953260421753
FILE_2024-02-14 18.30 13%20-%20FIRFIRGCD_HPV-representations.aird.hepsy,66.64925146102905
