node,execution_time
wrapper,4.995623588562012
wrapper,5.065988540649414
wrapper,12.551534652709961
wrapper,12.234537601470947
wrapper,12.83501124382019
wrapper,12.102023601531982
wrapper,5.024970054626465
wrapper,12.619649410247803
wrapper,12.374521493911743
wrapper,4.954154014587402
FILE_2024-02-14 15.52 07%20-%20Roberts-representations.aird.hepsy,99.79176783561707
