node,execution_time
wrapper,4.988692283630371
wrapper,5.062182426452637
wrapper,5.052789688110352
wrapper,11.149577140808105
wrapper,11.007657289505005
wrapper,11.366938352584839
wrapper,5.230592250823975
wrapper,11.510209560394287
wrapper,11.11948275566101
wrapper,5.022518873214722
FILE_2024-02-14 14.40 02%20-%20RT%20App-representations.aird.hepsy,86.46606945991516
