node,execution_time
wrapper,4.993166446685791
wrapper,5.029441595077515
wrapper,10.34591555595398
wrapper,10.842440128326416
wrapper,10.05972409248352
wrapper,10.202821493148804
wrapper,5.031996726989746
wrapper,10.264106750488281
wrapper,10.631139993667603
wrapper,5.019346237182617
FILE_2024-02-14 15.40 05%20-%20Hepsy%20Example-representations.aird.hepsy,87.40390062332153
