node,execution_time
wrapper,5.000507593154907
wrapper,4.994141578674316
wrapper,11.792716026306152
wrapper,12.211243391036987
wrapper,11.986900091171265
wrapper,11.815850019454956
wrapper,5.00239372253418
wrapper,11.820656538009644
wrapper,11.785666942596436
wrapper,5.000001668930054
FILE_2024-02-14 15.51 06%20-%20Sobel-representations.aird.hepsy,96.38621997833252
