node,execution_time
wrapper,4.998900890350342
wrapper,4.999521017074585
wrapper,13.577223062515259
wrapper,13.28599500656128
wrapper,13.908088445663452
wrapper,14.487268924713135
wrapper,4.974799871444702
wrapper,13.667635679244995
wrapper,13.307779788970947
wrapper,4.990002870559692
FILE_2024-02-14 15.04 04%20-%20RT%20App%20Paper%202-representations.aird.hepsy,107.17846202850342
