node,execution_time
wrapper,5.1715898513793945
wrapper,4.996248483657837
wrapper,10.54479694366455
wrapper,10.516892194747925
wrapper,10.558495283126831
wrapper,10.478973627090454
wrapper,5.119813442230225
wrapper,10.438803911209106
wrapper,10.813916206359863
wrapper,5.035166501998901
FILE_2024-02-14 14.50 03%20-%20RT%20App%20Paper-representations.aird.hepsy,88.64854550361633
