node,execution_time
wrapper,4.996107339859009
wrapper,5.025805473327637
wrapper,11.552585124969482
wrapper,10.963712215423584
wrapper,10.918544054031372
wrapper,10.605043172836304
wrapper,5.070781946182251
wrapper,11.217593669891357
wrapper,10.857717275619507
wrapper,5.015793561935425
FILE_2024-02-14 16.25 08%20-%20RASTA-PLP-representations.aird.hepsy,91.2025375366211
