node,execution_time
wrapper,4.969381332397461
wrapper,4.974226236343384
wrapper,15.473783254623413
wrapper,15.6638822555542
wrapper,15.726378440856934
wrapper,5.058384895324707
wrapper,5.063891649246216
wrapper,5.011159896850586
wrapper,5.097217321395874
wrapper,5.035855531692505
FILE_2024-02-13 16.59 00%20-%20DigitalCam%20Parallel-representations.aird.hepsy,87.03236293792725
