node,execution_time
wrapper,5.0212366580963135
wrapper,5.036206007003784
wrapper,12.54454255104065
wrapper,12.738046884536743
wrapper,12.593825340270996
wrapper,12.2322678565979
wrapper,5.006345272064209
wrapper,12.23709225654602
wrapper,12.31356930732727
wrapper,5.028533458709717
FILE_2024-02-14 17.46 10%20-%20JPEG_encoder-representations.aird.hepsy,99.69913578033447
