node,execution_time
wrapper,5.012529134750366
wrapper,4.985505819320679
wrapper,11.229548454284668
wrapper,10.982303619384766
wrapper,10.99391770362854
wrapper,10.984249114990234
wrapper,5.072397708892822
wrapper,11.177318572998047
wrapper,11.25487494468689
wrapper,5.08272385597229
FILE_2024-02-13 17.34 01%20-%20FIRFIRGCD-representations.aird.hepsy,91.77370834350586
