total_emissions,file_name
0.0041478914216687215,test-rag.hepsy
0.004507245223545179,TOTAL_APP
