node,execution_time
wrapper,5.190102815628052
wrapper,10.5043363571167
wrapper,5.25978684425354
wrapper,8.036312580108643
wrapper,6.652045011520386
wrapper,6.580213785171509
wrapper,9.128036260604858
wrapper,9.076511859893799
FILE_test-rag.hepsy,66.55352210998535
