file_name,total_emissions
test-rag.hepsy,0.002168106888420694
TOTAL_APP,0.0022632967407004716
