node,execution_time
wrapper,5.0268659591674805
wrapper,10.111584424972534
wrapper,7.410691022872925
wrapper,8.963733196258545
wrapper,5.766517162322998
wrapper,7.626140832901001
wrapper,10.017935514450073
wrapper,12.68148422241211
wrapper,5.991348505020142
wrapper,6.528505325317383
wrapper,7.274171829223633
wrapper,7.586011171340942
FILE_test-rag.hepsy,95.63752102851868
