total_emissions,node
4.51199205039575e-08,generate_query_node
1.3534289737061974e-07,cache_context_node
0.0011987697055985999,model_generation_node
0.0015680281688141998,model_validation_node
5.395461898062961e-06,model_validation_node
0.0043364832043051955,FILE_2024-02-14 15.51 06%20-%20Sobel-representations.aird.hepsy
