node,execution_time
wrapper,4.972728967666626
wrapper,4.952004671096802
wrapper,29.450458526611328
wrapper,28.160707473754883
wrapper,25.539374589920044
wrapper,27.786453247070312
wrapper,5.015247344970703
wrapper,30.481546878814697
wrapper,26.80808162689209
wrapper,5.13821005821228
FILE_2024-02-13 17.34 01%20-%20FIRFIRGCD-representations.aird.hepsy,193.34182476997375
