node,execution_time
wrapper,5.012378215789795
wrapper,5.182694911956787
wrapper,24.500580310821533
wrapper,30.57604455947876
wrapper,5.044063568115234
FILE_2024-02-14 15.51 06%20-%20Sobel-representations.aird.hepsy,75.38484740257263
