node,execution_time
wrapper,4.931520462036133
wrapper,5.068265676498413
wrapper,21.759411096572876
wrapper,21.2332546710968
wrapper,21.67678427696228
wrapper,23.675673007965088
wrapper,5.0119359493255615
wrapper,20.66737985610962
wrapper,19.64989423751831
wrapper,5.051185607910156
FILE_2024-02-14 16.25 08%20-%20RASTA-PLP-representations.aird.hepsy,153.6812391281128
