node,execution_time
wrapper,4.938791990280151
wrapper,5.032553434371948
wrapper,5.070541143417358
wrapper,5.038822174072266
FILE_ex08_writer0000.bpmn,25.23927068710327
