node,execution_time
wrapper,4.950167179107666
wrapper,5.014455556869507
wrapper,84.90635371208191
wrapper,69.59766483306885
wrapper,78.44127583503723
wrapper,115.8743257522583
wrapper,5.0476202964782715
wrapper,4.991420269012451
wrapper,4.975217342376709
wrapper,5.000309228897095
FILE_ex10_writer0000.bpmn,383.8791959285736
