total_emissions,file_name
0.013805447651922697,test-rag.hepsy
0.014155632535999418,TOTAL_APP
