file_name,execution_time
test-rag.hepsy,210.94340753555298
TOTAL_APP,210.97224879264832
