node,execution_time
wrapper,5.23790431022644
wrapper,10.337324857711792
wrapper,5.24526834487915
wrapper,9.388989210128784
wrapper,7.2711181640625
wrapper,7.535640716552734
wrapper,5.295359134674072
wrapper,10.06034231185913
wrapper,6.756838798522949
wrapper,7.942522764205933
wrapper,8.34682583808899
wrapper,43.09293794631958
FILE_test-rag.hepsy,210.94340753555298
