node,total_emissions
generate_query_node,1.7051537758439384e-07
cache_context_node,5.104491567087897e-08
model_generation_node,2.9459177376223363e-05
model_validation_node,3.219156088171721e-05
model_validation_node,1.5840165790227203e-07
FILE_2024-02-14 14.50 03%20-%20RT%20App%20Paper-representations.aird.hepsy,0.00020404606033575285
