node,total_emissions
generate_query_node,4.438489521163234e-08
cache_context_node,5.628186715008841e-08
model_generation_node,4.596044996731103e-05
model_validation_node,4.3320641595497974e-05
model_validation_node,1.3291240443573808e-07
FILE_2024-02-14 16.25 08%20-%20RASTA-PLP-representations.aird.hepsy,0.00023084768322178222
