node,execution_time
wrapper,5.5087950229644775
wrapper,5.263741731643677
wrapper,9.404783725738525
wrapper,6.76026725769043
FILE_2024-02-14 18.30 13%20-%20FIRFIRGCD_HPV-representations.aird.hepsy,32.47162485122681
