node,total_emissions
generate_query_node,5.6153734163930583e-08
cache_context_node,5.406379870707953e-08
model_generation_node,0.0006645470601804059
model_validation_node,5.832943781253346e-08
FILE_2024-02-14 15.51 06%20-%20Sobel-representations.aird.hepsy,0.0012529457742400333
