node,total_emissions
generate_query_node,6.946219328614747e-06
cache_context_node,1.5801749770531375e-07
model_generation_node,0.0012377736264133116
model_validation_node,4.5781922003694686e-08
FILE_2024-02-13 16.59 00%20-%20DigitalCam%20Parallel-representations.aird.hepsy,0.0017990423000420884
