node,total_emissions
generate_query_node,5.479024302915846e-08
cache_context_node,6.582655120333317e-06
model_generation_node,0.0006857155286338505
model_validation_node,5.349514242754988e-08
FILE_2024-02-14 15.04 04%20-%20RT%20App%20Paper%202-representations.aird.hepsy,0.0012426776683703592
