node,total_emissions
generate_query_node,5.669053973572719e-08
cache_context_node,5.7170926933997376e-08
model_generation_node,7.998082981210477e-08
model_validation_node,6.822336044309925e-06
FILE_2024-02-14 14.40 02%20-%20RT%20App-representations.aird.hepsy,0.0005775627927798933
