node,total_emissions
generate_query_node,5.0781620270987633e-08
cache_context_node,4.9097525594477803e-08
model_generation_node,0.0005295278547006346
model_validation_node,5.185763878112214e-08
FILE_2024-02-14 16.25 08%20-%20RASTA-PLP-representations.aird.hepsy,0.0011433209724960886
