node,total_emissions
generate_query_node,5.4565316451463354e-08
cache_context_node,5.7716153239398634e-08
model_generation_node,0.0008908259739075437
model_validation_node,5.043022321275885e-08
FILE_2024-02-14 17.46 10%20-%20JPEG_encoder-representations.aird.hepsy,0.0014772564207499287
