node,total_emissions
generate_query_node,5.005004809262832e-08
cache_context_node,5.176309203648123e-08
model_generation_node,0.0007597617305398003
model_validation_node,5.111011238053567e-08
FILE_2024-02-14 18.30 13%20-%20FIRFIRGCD_HPV-representations.aird.hepsy,0.0014076176076045774
