node,total_emissions
generate_query_node,5.226368678655627e-08
cache_context_node,5.6580552434753906e-08
model_generation_node,0.0005115033580856921
model_validation_node,4.708078141159579e-08
FILE_2024-02-14 18.17 12%20-%20FIRFIRGCD_ext-representations.aird.hepsy,0.0012189265822066045
