node,execution_time
wrapper,4.918051481246948
wrapper,4.881128311157227
wrapper,26.47087264060974
wrapper,4.872633218765259
FILE_2024-02-14 18.30 13%20-%20FIRFIRGCD_HPV-representations.aird.hepsy,46.00353503227234
