node,execution_time
wrapper,4.951845645904541
wrapper,5.0277674198150635
wrapper,25.423213958740234
wrapper,4.899999141693115
FILE_2024-02-14 15.51 06%20-%20Sobel-representations.aird.hepsy,45.18307375907898
