node,execution_time
wrapper,4.9773335456848145
wrapper,4.890997409820557
wrapper,5.025014877319336
wrapper,4.906928777694702
FILE_2024-02-14 14.40 02%20-%20RT%20App-representations.aird.hepsy,24.694067239761353
