node,execution_time
wrapper,4.899955987930298
wrapper,4.956415891647339
wrapper,45.552289962768555
wrapper,4.969555377960205
FILE_2024-02-13 16.59 00%20-%20DigitalCam%20Parallel-representations.aird.hepsy,65.25548386573792
