node,execution_time
wrapper,4.973139524459839
wrapper,4.896132469177246
wrapper,27.314133644104004
wrapper,4.892524719238281
FILE_2024-02-14 14.50 03%20-%20RT%20App%20Paper-representations.aird.hepsy,46.9961884021759
