node,execution_time
wrapper,4.9864115715026855
wrapper,4.97075343132019
wrapper,23.795443058013916
wrapper,4.899635314941406
FILE_2024-02-13 17.34 01%20-%20FIRFIRGCD-representations.aird.hepsy,43.50023674964905
