file_name,total_emissions
test-rag.hepsy,0.002656273679215442
TOTAL_APP,0.0028243775250931663
