node,execution_time
wrapper,4.961170673370361
wrapper,9.942054986953735
wrapper,7.147987127304077
wrapper,18.44493055343628
wrapper,6.107125520706177
wrapper,7.654563665390015
wrapper,7.586863040924072
wrapper,14.931154251098633
FILE_test-rag.hepsy,77.61530947685242
