node,total_emissions
generate_query_node,5.9510715783063214e-08
cache_context_node,1.1330021805072034e-07
model_generation_node,0.0001876189116852608
model_validation_node,2.054143331131386e-07
FILE_2024-02-13 16.44 00%20-%20DigitalCam%20Nominal-representations.aird.hepsy,0.0002977784108001372
