node,execution_time
wrapper,4.9568400382995605
wrapper,4.989160776138306
wrapper,38.8287718296051
wrapper,5.000046491622925
FILE_2024-02-13 16.44 00%20-%20DigitalCam%20Nominal-representations.aird.hepsy,58.727492332458496
