node,execution_time
wrapper,5.0676751136779785
wrapper,5.053176164627075
wrapper,18.613412141799927
wrapper,12.634136438369751
wrapper,11.991318464279175
wrapper,17.89291763305664
wrapper,5.215009689331055
wrapper,6.185522556304932
wrapper,5.590335845947266
wrapper,5.325718879699707
FILE_2024-02-14 15.40 05%20-%20Hepsy%20Example-representations.aird.hepsy,98.6334445476532
