node,execution_time
wrapper,5.245961666107178
wrapper,5.056483268737793
wrapper,15.399610757827759
wrapper,10.626952171325684
wrapper,11.435396194458008
wrapper,43.142558336257935
wrapper,4.980853796005249
wrapper,5.588059425354004
wrapper,11.416688203811646
wrapper,5.0548553466796875
FILE_2024-02-14 18.17 12%20-%20FIRFIRGCD_ext-representations.aird.hepsy,123.16689825057983
