node,execution_time
wrapper,5.179719686508179
wrapper,5.571937322616577
wrapper,12.69876503944397
wrapper,18.57404923439026
wrapper,12.519562482833862
wrapper,15.27938199043274
wrapper,5.1688618659973145
wrapper,14.78207278251648
wrapper,21.41208052635193
wrapper,5.5603673458099365
FILE_2024-02-14 14.50 03%20-%20RT%20App%20Paper-representations.aird.hepsy,121.8130829334259
