node,execution_time
wrapper,5.015275478363037
wrapper,5.080438613891602
wrapper,12.135408401489258
wrapper,13.033243656158447
wrapper,10.955013513565063
wrapper,12.249313354492188
wrapper,4.995848894119263
wrapper,5.05109715461731
wrapper,5.3164238929748535
wrapper,5.041999816894531
FILE_2024-02-14 18.30 13%20-%20FIRFIRGCD_HPV-representations.aird.hepsy,83.81048202514648
