node,execution_time
wrapper,5.220510721206665
wrapper,5.111900568008423
wrapper,5.081185340881348
wrapper,10.58559250831604
wrapper,14.39828109741211
wrapper,18.86210060119629
wrapper,5.522152900695801
wrapper,12.338888883590698
wrapper,16.061579942703247
wrapper,5.780814170837402
FILE_2024-02-14 14.40 02%20-%20RT%20App-representations.aird.hepsy,104.25764846801758
