node,execution_time
wrapper,5.458955526351929
wrapper,5.156363487243652
wrapper,23.655409574508667
wrapper,14.467158555984497
wrapper,12.081554651260376
wrapper,23.191101551055908
wrapper,5.280812740325928
wrapper,15.063399076461792
wrapper,27.41151475906372
wrapper,5.508111238479614
FILE_2024-02-14 15.52 07%20-%20Roberts-representations.aird.hepsy,142.3260781764984
