node,execution_time
wrapper,5.123564958572388
wrapper,5.087006568908691
wrapper,28.769068956375122
wrapper,20.542588472366333
wrapper,17.296451091766357
wrapper,15.244062423706055
wrapper,5.587662220001221
wrapper,16.58893871307373
wrapper,14.303328514099121
wrapper,5.2518861293792725
FILE_2024-02-13 16.59 00%20-%20DigitalCam%20Parallel-representations.aird.hepsy,138.92539954185486
