node,total_emissions
generate_query_node,7.902001830695455e-08
cache_context_node,1.054194439904641e-07
model_generation_node,7.410167672737828e-05
model_validation_node,9.085722805381322e-05
model_validation_node,0.00013674433983475686
model_validation_node,1.7149719216552062e-09
FILE_2024-02-14 17.00 09%20-%20Susan-representations.aird.hepsy,0.000476122832288567
