node,total_emissions
generate_query_node,1.1346664245723179e-07
cache_context_node,7.580198957680843e-08
model_generation_node,8.763326603885523e-05
model_validation_node,2.9198033424336405e-07
FILE_2024-02-14 15.51 06%20-%20Sobel-representations.aird.hepsy,0.0002034714593006582
