node,execution_time
wrapper,5.118468284606934
wrapper,5.182789325714111
wrapper,20.560309886932373
wrapper,19.701351404190063
wrapper,5.522527456283569
FILE_2024-02-14 15.40 05%20-%20Hepsy%20Example-representations.aird.hepsy,61.15721321105957
