node,execution_time
wrapper,5.118989944458008
wrapper,5.019751071929932
wrapper,37.605224609375
wrapper,22.64722204208374
wrapper,23.302369594573975
wrapper,5.0290374755859375
FILE_2024-02-14 14.50 03%20-%20RT%20App%20Paper-representations.aird.hepsy,103.79278683662415
