node,execution_time
wrapper,5.192385673522949
wrapper,5.5589985847473145
wrapper,19.855411529541016
wrapper,17.995349645614624
wrapper,5.085680723190308
FILE_2024-02-14 16.25 08%20-%20RASTA-PLP-representations.aird.hepsy,58.77974581718445
