node,execution_time
wrapper,5.054806470870972
wrapper,5.135853052139282
wrapper,21.535316467285156
wrapper,24.460514307022095
wrapper,24.065966844558716
wrapper,38.063185691833496
wrapper,5.155964136123657
wrapper,5.368499040603638
wrapper,20.89549207687378
wrapper,5.059566259384155
FILE_2024-02-14 15.52 07%20-%20Roberts-representations.aird.hepsy,159.8578906059265
