node,execution_time
wrapper,4.983778476715088
wrapper,4.942618131637573
wrapper,26.45859718322754
wrapper,4.951548337936401
FILE_2024-02-14 17.46 10%20-%20JPEG_encoder-representations.aird.hepsy,46.25416016578674
