node,total_emissions
generate_query_node,3.532824590299085e-08
cache_context_node,5.152242826378451e-08
model_generation_node,1.1799118421838739e-07
model_validation_node,1.9341451569267507e-07
FILE_2024-02-14 15.40 05%20-%20Hepsy%20Example-representations.aird.hepsy,0.00011015882587102651
