node,total_emissions
generate_query_node,1.1791976564135949e-07
cache_context_node,7.223695837316421e-08
model_generation_node,3.5798437111125736e-05
model_validation_node,1.4480631990068383e-07
FILE_2024-02-14 18.30 13%20-%20FIRFIRGCD_HPV-representations.aird.hepsy,0.0001471490219608009
