node,total_emissions
generate_query_node,4.863442280887897e-08
cache_context_node,5.062658482373904e-08
model_generation_node,1.0783324559377262e-07
model_validation_node,6.972472375147442e-08
FILE_2024-02-14 14.50 03%20-%20RT%20App%20Paper-representations.aird.hepsy,0.00011084622635756196
