node,execution_time
wrapper,5.015258550643921
wrapper,5.013948202133179
wrapper,14.967851400375366
wrapper,16.019996166229248
wrapper,18.114096641540527
wrapper,18.75111675262451
wrapper,4.970571994781494
wrapper,21.00122594833374
wrapper,18.840577840805054
wrapper,5.040820360183716
FILE_2024-02-13 16.59 00%20-%20DigitalCam%20Parallel-representations.aird.hepsy,132.69654488563538
