node,execution_time
wrapper,5.104953289031982
wrapper,5.115642547607422
wrapper,5.058572292327881
wrapper,4.965630054473877
FILE_2024-02-14 15.52 07%20-%20Roberts-representations.aird.hepsy,25.33734130859375
