node,execution_time
wrapper,4.989017486572266
wrapper,4.953580617904663
wrapper,4.917559862136841
wrapper,5.0054097175598145
FILE_2024-02-14 15.40 05%20-%20Hepsy%20Example-representations.aird.hepsy,24.755753993988037
