total_emissions,file_name
0.006753314345068361,test-rag.hepsy
0.0071079386944825,TOTAL_APP
