node,execution_time
wrapper,5.337674617767334
wrapper,10.786861419677734
wrapper,5.389266729354858
wrapper,14.842564582824707
wrapper,6.172935247421265
wrapper,7.693495750427246
wrapper,7.761061906814575
wrapper,26.61547017097473
FILE_test-rag.hepsy,106.65735626220703
