file_name,execution_time
test-rag.hepsy,106.65735626220703
TOTAL_APP,106.69235730171204
