total_emissions,node
5.400152646932177e-08,generate_query_node
6.42732986865429e-08,cache_context_node
0.0009753661745226825,model_generation_node
0.0009134376176439904,model_validation_node
6.42421654400129e-06,model_validation_node
0.0032097765008378847,FILE_2024-02-14 17.46 10%20-%20JPEG_encoder-representations.aird.hepsy
