total_emissions,node
4.9684069084866007e-08,generate_query_node
6.834292632708946e-06,cache_context_node
0.000692131221592891,model_generation_node
6.8175979305127485e-06,model_validation_node
0.0015790772078344637,FILE_2024-02-14 17.58 11%20-%20JPEG%20Reduced-representations.aird.hepsy
