total_emissions,node
6.309263276966093e-08,generate_query_node
1.9401297691058638e-07,cache_context_node
0.0011612494692010906,model_generation_node
1.6998511951564897e-07,model_validation_node
0.0022602284088418614,FILE_2024-02-14 15.51 06%20-%20Sobel-representations.aird.hepsy
