total_emissions,node
5.7797607460587337e-08,generate_query_node
6.166309915507186e-08,cache_context_node
0.0008279354261618402,model_generation_node
2.000906021529256e-07,model_validation_node
0.001799903605013772,FILE_2024-02-14 18.30 13%20-%20FIRFIRGCD_HPV-representations.aird.hepsy
