node,execution_time
wrapper,5.047968864440918
wrapper,5.13355565071106
wrapper,21.283948183059692
wrapper,5.069331645965576
FILE_2024-02-14 17.58 11%20-%20JPEG%20Reduced-representations.aird.hepsy,41.5634229183197
