node,execution_time
wrapper,4.98181939125061
wrapper,5.111942529678345
wrapper,26.149933576583862
wrapper,25.965962171554565
wrapper,45.793200969696045
wrapper,25.97348952293396
wrapper,5.018532752990723
wrapper,29.046478509902954
wrapper,27.123682975769043
wrapper,5.055732011795044
FILE_2024-02-14 15.52 07%20-%20Roberts-representations.aird.hepsy,205.19921231269836
