node,execution_time
wrapper,4.94793438911438
wrapper,4.925893306732178
wrapper,23.5204176902771
wrapper,22.31191396713257
wrapper,5.001508712768555
FILE_2024-02-14 17.46 10%20-%20JPEG_encoder-representations.aird.hepsy,65.68278098106384
