node,execution_time
wrapper,4.957066774368286
wrapper,5.162290811538696
wrapper,19.29032850265503
wrapper,5.159595966339111
FILE_2024-02-14 15.40 05%20-%20Hepsy%20Example-representations.aird.hepsy,39.5430691242218
