node,execution_time
wrapper,4.9924116134643555
wrapper,5.2037341594696045
wrapper,24.26578998565674
wrapper,24.65034055709839
wrapper,34.64196991920471
wrapper,25.804083347320557
wrapper,5.002978801727295
wrapper,28.02405285835266
wrapper,25.137600898742676
wrapper,5.135725736618042
FILE_2024-02-14 15.04 04%20-%20RT%20App%20Paper%202-representations.aird.hepsy,188.18318247795105
