node,execution_time
wrapper,4.94819450378418
wrapper,4.952017068862915
wrapper,24.336113929748535
wrapper,4.9619529247283936
FILE_2024-02-14 16.25 08%20-%20RASTA-PLP-representations.aird.hepsy,44.20481729507446
