node,execution_time
wrapper,5.09982967376709
wrapper,5.068730115890503
wrapper,5.055197238922119
wrapper,22.204221963882446
wrapper,24.346874475479126
wrapper,19.803001880645752
wrapper,5.366144180297852
wrapper,21.58191680908203
wrapper,19.478204250335693
wrapper,5.01298713684082
FILE_2024-02-14 14.40 02%20-%20RT%20App-representations.aird.hepsy,138.12942671775818
