node,execution_time
wrapper,5.172284841537476
wrapper,5.033120632171631
wrapper,23.172608375549316
wrapper,5.107892036437988
FILE_2024-02-14 14.50 03%20-%20RT%20App%20Paper-representations.aird.hepsy,43.51465034484863
