node,execution_time
wrapper,4.955668687820435
wrapper,5.005915641784668
wrapper,33.30236768722534
wrapper,28.314730167388916
wrapper,5.050323009490967
FILE_2024-02-13 16.59 00%20-%20DigitalCam%20Parallel-representations.aird.hepsy,81.57630634307861
