node,execution_time
wrapper,5.145749568939209
wrapper,5.002655029296875
wrapper,25.18645715713501
wrapper,22.16689705848694
wrapper,20.630301475524902
wrapper,23.185269355773926
wrapper,4.973504066467285
wrapper,21.132586002349854
wrapper,20.414276123046875
wrapper,4.964047193527222
FILE_2024-02-14 17.00 09%20-%20Susan-representations.aird.hepsy,157.94167351722717
