node,execution_time
wrapper,5.262214660644531
wrapper,5.346886396408081
wrapper,27.824795961380005
wrapper,6.510217666625977
FILE_ex08_writer0000.bpmn,50.7649929523468
