node,execution_time
wrapper,5.744839906692505
wrapper,5.418617010116577
wrapper,23.423895835876465
wrapper,5.858263254165649
FILE_ex09_writer0002.bpmn,46.21796703338623
