node,execution_time
wrapper,5.302008152008057
wrapper,5.682222843170166
wrapper,5.114151954650879
wrapper,5.153976202011108
FILE_ex07_writer0000.bpmn,26.290175676345825
