node,execution_time
wrapper,6.127870321273804
wrapper,6.3915040493011475
wrapper,25.08647656440735
wrapper,5.798880338668823
FILE_ex05_writer0013.bpmn,49.27941608428955
