node,execution_time
wrapper,5.831181526184082
wrapper,6.744668960571289
wrapper,13.713300466537476
wrapper,5.745806694030762
FILE_ex02_writer0001.bpmn,37.42579102516174
