node,execution_time
wrapper,4.9099531173706055
wrapper,4.962015390396118
wrapper,31.731903076171875
wrapper,23.342143058776855
wrapper,19.311328411102295
wrapper,23.680399179458618
wrapper,4.971951007843018
wrapper,31.709681272506714
wrapper,22.37123203277588
wrapper,4.9740986824035645
FILE_2024-02-13 17.34 01%20-%20FIRFIRGCD-representations.aird.hepsy,176.9900004863739
