node,execution_time
wrapper,5.0320470333099365
wrapper,5.0149266719818115
wrapper,33.03969073295593
wrapper,46.37086868286133
wrapper,50.86875033378601
wrapper,41.046626567840576
wrapper,4.952462196350098
wrapper,35.48713517189026
wrapper,46.66534090042114
wrapper,4.937673807144165
FILE_2024-02-13 16.59 00%20-%20DigitalCam%20Parallel-representations.aird.hepsy,278.4128830432892
