node,execution_time
wrapper,5.0345048904418945
wrapper,5.207590103149414
wrapper,19.94207739830017
wrapper,5.340552568435669
FILE_2024-02-13 16.44 00%20-%20DigitalCam%20Nominal-representations.aird.hepsy,40.51452970504761
