node,execution_time
wrapper,5.183187246322632
wrapper,5.144076347351074
wrapper,24.068764686584473
wrapper,25.353419542312622
wrapper,26.927008152008057
wrapper,25.97178316116333
wrapper,5.3187620639801025
wrapper,31.214460372924805
wrapper,25.17309260368347
wrapper,5.280027151107788
FILE_2024-02-13 16.59 00%20-%20DigitalCam%20Parallel-representations.aird.hepsy,184.7015573978424
