node,execution_time
wrapper,5.557181119918823
wrapper,5.45031213760376
wrapper,26.454270839691162
wrapper,6.0191490650177
FILE_2024-02-14 18.17 12%20-%20FIRFIRGCD_ext-representations.aird.hepsy,49.534072160720825
