node,execution_time
wrapper,5.344691514968872
wrapper,5.271052598953247
wrapper,5.385412931442261
wrapper,19.910959720611572
wrapper,22.91583514213562
wrapper,23.230247974395752
wrapper,5.2177574634552
wrapper,24.966845989227295
wrapper,36.349602937698364
wrapper,5.218042373657227
FILE_2024-02-14 14.40 02%20-%20RT%20App-representations.aird.hepsy,159.16786074638367
