node,execution_time
wrapper,5.6354827880859375
wrapper,11.15585970878601
wrapper,27.448711395263672
wrapper,5.831967115402222
FILE_2024-02-14 15.52 07%20-%20Roberts-representations.aird.hepsy,55.62854242324829
