node,execution_time
wrapper,5.243811368942261
wrapper,5.2215588092803955
wrapper,21.670064210891724
wrapper,5.307250022888184
FILE_2024-02-14 15.40 05%20-%20Hepsy%20Example-representations.aird.hepsy,43.025936126708984
