node,total_emissions
generate_query_node,4.926808382917092e-08
cache_context_node,4.2308257897075584e-08
model_generation_node,0.0015969261518673677
model_validation_node,2.2158797271247892e-07
FILE_2024-02-13 16.59 00%20-%20DigitalCam%20Parallel-representations.aird.hepsy,0.0028849140176051107
