node,total_emissions
generate_query_node,4.147382631056784e-08
cache_context_node,8.563855839634024e-08
model_generation_node,0.0009880365858729546
model_validation_node,1.8707134522825497e-07
FILE_2024-02-13 16.44 00%20-%20DigitalCam%20Nominal-representations.aird.hepsy,0.0022452012836929173
