node,execution_time
wrapper,5.321469068527222
wrapper,4.991513729095459
wrapper,27.108619213104248
wrapper,27.458438396453857
wrapper,5.087691068649292
FILE_2024-02-13 17.34 01%20-%20FIRFIRGCD-representations.aird.hepsy,74.9375069141388
