node,execution_time
wrapper,4.944479942321777
wrapper,4.997748613357544
wrapper,29.74175214767456
wrapper,4.986283302307129
FILE_2024-02-13 16.59 00%20-%20DigitalCam%20Parallel-representations.aird.hepsy,49.65610980987549
