node,execution_time
wrapper,8.11501932144165
wrapper,6.338422536849976
wrapper,21.498426914215088
wrapper,20.282822132110596
FILE_2024-02-13 16.44 00%20-%20DigitalCam%20Nominal-representations.aird.hepsy,62.82809519767761
