node,execution_time
wrapper,9.18905520439148
wrapper,5.809480905532837
wrapper,22.576619386672974
wrapper,7.197641611099243
FILE_2024-02-14 15.04 04%20-%20RT%20App%20Paper%202-representations.aird.hepsy,50.854878187179565
