total_emissions,file_name
0.005870527523022832,test-rag.hepsy
0.006225212715869266,TOTAL_APP
