node,execution_time
wrapper,5.276991844177246
wrapper,10.412718772888184
wrapper,5.311553478240967
wrapper,12.18536639213562
wrapper,7.3242950439453125
wrapper,7.367603302001953
wrapper,8.507237672805786
wrapper,18.907148361206055
FILE_test-rag.hepsy,92.51698207855225
