node,execution_time
wrapper,5.137091875076294
wrapper,5.633558034896851
wrapper,62.096728563308716
wrapper,64.21983456611633
wrapper,5.111666917800903
wrapper,5.125544309616089
wrapper,5.04922342300415
wrapper,5.1507909297943115
wrapper,5.128969430923462
wrapper,5.162740230560303
FILE_ex02_writer0001.bpmn,172.79485321044922
