node,execution_time
wrapper,5.370096445083618
wrapper,5.101932764053345
wrapper,74.12861895561218
wrapper,79.43752765655518
wrapper,5.307837963104248
wrapper,5.078972101211548
wrapper,5.022849798202515
wrapper,5.175817489624023
wrapper,5.211880445480347
wrapper,5.120166778564453
FILE_ex05_writer0013.bpmn,199.9548056125641
