node,execution_time
wrapper,5.308210134506226
wrapper,5.088389873504639
wrapper,7.25471043586731
wrapper,6.0701799392700195
wrapper,6.809910535812378
wrapper,8.68654179573059
wrapper,23.625681400299072
wrapper,47.99983239173889
wrapper,5.9980268478393555
FILE_ex00_writer0001.bpmn,142.29685354232788
