node,execution_time
wrapper,5.180822134017944
wrapper,5.284222841262817
wrapper,42.82079219818115
wrapper,5.1526079177856445
FILE_ex01_writer0001.bpmn,63.74610090255737
