file_name,total_emissions
test-rag.hepsy,0.007665246936573667
TOTAL_APP,0.007880436016755768
