node,execution_time
wrapper,4.974016904830933
wrapper,10.005357027053833
wrapper,7.763941764831543
wrapper,30.225751399993896
wrapper,5.888714790344238
wrapper,10.652177810668945
wrapper,5.5363194942474365
wrapper,12.365928888320923
wrapper,5.8464555740356445
wrapper,9.020657300949097
wrapper,11.745185613632202
wrapper,26.218919277191162
wrapper,6.486030340194702
wrapper,7.468762636184692
wrapper,7.721553325653076
wrapper,23.335718154907227
FILE_test-rag.hepsy,186.6820478439331
