total_emissions,file_name
0.0043123382555544576,test-rag.hepsy
0.004666802350618992,TOTAL_APP
