node,execution_time
wrapper,5.160552024841309
wrapper,10.53014349937439
wrapper,5.212212562561035
wrapper,7.988016128540039
wrapper,6.1583592891693115
wrapper,6.392487287521362
wrapper,9.367380857467651
wrapper,10.855294466018677
FILE_test-rag.hepsy,69.29532742500305
