total_emissions,node
5.9106826428665897e-08,generate_query_node
1.0552089750854723e-07,cache_context_node
0.0006267112317512423,model_generation_node
0.0008301674005911798,model_validation_node
1.3766490193721334e-07,model_validation_node
0.003060081230909572,FILE_2024-02-14 15.40 05%20-%20Hepsy%20Example-representations.aird.hepsy
