node,execution_time
wrapper,5.133728981018066
wrapper,5.070542335510254
wrapper,32.38399887084961
wrapper,30.184014797210693
wrapper,28.831167697906494
wrapper,29.278696537017822
wrapper,5.163557767868042
wrapper,5.145256519317627
wrapper,5.112530708312988
wrapper,5.172244310379028
FILE_2024-02-14 18.30 13%20-%20FIRFIRGCD_HPV-representations.aird.hepsy,156.7637140750885
