node,execution_time
wrapper,4.994066953659058
wrapper,5.038222312927246
wrapper,21.256523609161377
wrapper,5.112733364105225
FILE_2024-02-14 17.46 10%20-%20JPEG_encoder-representations.aird.hepsy,41.47464895248413
