node,execution_time
wrapper,5.091749906539917
wrapper,5.08465576171875
wrapper,14.960439205169678
wrapper,18.165340185165405
wrapper,5.040035009384155
FILE_2024-02-14 15.40 05%20-%20Hepsy%20Example-representations.aird.hepsy,53.29009771347046
