node,execution_time
wrapper,5.011533260345459
wrapper,4.979547023773193
wrapper,37.347477436065674
wrapper,5.102011442184448
FILE_2024-02-14 16.25 08%20-%20RASTA-PLP-representations.aird.hepsy,57.44805192947388
