node,execution_time
wrapper,4.945815801620483
wrapper,5.010681629180908
wrapper,25.16806983947754
wrapper,24.820001125335693
wrapper,26.484045028686523
wrapper,5.342388868331909
FILE_2024-02-14 18.17 12%20-%20FIRFIRGCD_ext-representations.aird.hepsy,96.78200626373291
