file_name,total_emissions
test-rag.hepsy,0.003447916209178102
TOTAL_APP,0.003750741139413972
