node,execution_time
wrapper,4.987427711486816
wrapper,10.004771709442139
wrapper,7.54535174369812
wrapper,9.006786823272705
wrapper,5.731271505355835
wrapper,6.0409095287323
wrapper,8.138994693756104
wrapper,9.107212781906128
FILE_test-rag.hepsy,61.34125375747681
