file_name,total_emissions
test-rag.hepsy,0.005273693149112624
TOTAL_APP,0.005597325605858651
