node,execution_time
wrapper,5.034508943557739
wrapper,10.010840892791748
wrapper,8.283610343933105
wrapper,9.234967947006226
wrapper,5.8340675830841064
wrapper,5.653450012207031
wrapper,6.362295627593994
wrapper,8.610279083251953
wrapper,5.818004369735718
wrapper,6.12695050239563
wrapper,8.138878107070923
wrapper,8.602354526519775
FILE_test-rag.hepsy,88.65480709075928
