node,execution_time
wrapper,5.01213812828064
wrapper,5.158189058303833
wrapper,5.306298732757568
wrapper,5.025022268295288
FILE_2024-02-14 14.40 02%20-%20RT%20App-representations.aird.hepsy,25.663692474365234
