node,total_emissions
generate_query_node,5.0477686031516054e-08
cache_context_node,1.2493391373776324e-07
model_generation_node,9.058253540789657e-05
model_validation_node,1.6030668048655337e-07
FILE_2024-02-14 15.40 05%20-%20Hepsy%20Example-representations.aird.hepsy,0.00020377603263445175
