node,total_emissions
generate_query_node,4.34373804269631e-08
cache_context_node,1.0863461117377662e-07
model_generation_node,0.00010923327456905852
model_validation_node,1.453870657803257e-07
FILE_2024-02-14 16.25 08%20-%20RASTA-PLP-representations.aird.hepsy,0.00022183917114576557
