node,total_emissions
generate_query_node,4.87335472031191e-08
cache_context_node,5.2418178162537474e-08
model_generation_node,0.00012369444048962195
model_validation_node,1.5459229094966836e-07
FILE_2024-02-14 15.04 04%20-%20RT%20App%20Paper%202-representations.aird.hepsy,0.00023362562066830915
