node,total_emissions
generate_query_node,5.305189523166262e-08
cache_context_node,1.1501057256010545e-07
model_generation_node,9.623674571558632e-05
model_validation_node,1.306964159831312e-07
FILE_2024-02-14 17.58 11%20-%20JPEG%20Reduced-representations.aird.hepsy,0.00020719849306027448
