node,total_emissions
generate_query_node,4.9064466179120117e-08
cache_context_node,5.366956980683991e-08
model_generation_node,0.00012728154968223254
model_validation_node,1.6745184861926104e-07
FILE_2024-02-14 18.30 13%20-%20FIRFIRGCD_HPV-representations.aird.hepsy,0.0002382146346651036
