node,total_emissions
generate_query_node,4.620691714383348e-08
cache_context_node,6.789660595696853e-08
model_generation_node,0.00016483597044628036
model_validation_node,2.162664294865712e-07
FILE_2024-02-14 18.17 12%20-%20FIRFIRGCD_ext-representations.aird.hepsy,0.0002751960982260815
