node,total_emissions
generate_query_node,4.685286431509319e-08
cache_context_node,5.320401192674762e-08
model_generation_node,0.00011495497568482845
model_validation_node,2.252286849036628e-07
FILE_2024-02-14 17.46 10%20-%20JPEG_encoder-representations.aird.hepsy,0.00022544231312681204
