node,total_emissions
generate_query_node,4.3637256521365135e-08
cache_context_node,4.447919637852682e-08
model_generation_node,0.00011347437367401808
model_validation_node,9.583381693053083e-05
model_validation_node,2.0427078873312717e-07
FILE_2024-02-14 15.51 06%20-%20Sobel-representations.aird.hepsy,0.0003461624949379163
