node,execution_time
wrapper,5.105628490447998
wrapper,5.181618690490723
wrapper,21.401439905166626
wrapper,5.007969617843628
FILE_2024-02-14 15.40 05%20-%20Hepsy%20Example-representations.aird.hepsy,41.68477749824524
