node,execution_time
wrapper,4.943237066268921
wrapper,4.966031074523926
wrapper,27.880609273910522
wrapper,22.946911334991455
wrapper,22.991427183151245
wrapper,21.464435338974
wrapper,4.991960048675537
wrapper,27.892768621444702
wrapper,24.896304607391357
wrapper,5.03626275062561
FILE_2024-02-14 17.00 09%20-%20Susan-representations.aird.hepsy,172.95048260688782
