node,execution_time
wrapper,4.914613723754883
wrapper,4.940736293792725
wrapper,34.72943902015686
wrapper,4.974612474441528
FILE_2024-02-14 18.17 12%20-%20FIRFIRGCD_ext-representations.aird.hepsy,54.48760962486267
