node,execution_time
wrapper,5.144693374633789
wrapper,5.032788038253784
wrapper,24.847785711288452
wrapper,4.946358919143677
FILE_2024-02-14 16.25 08%20-%20RASTA-PLP-representations.aird.hepsy,45.086018085479736
