node,execution_time
wrapper,4.913162708282471
wrapper,4.896297216415405
wrapper,27.181536436080933
wrapper,5.073976516723633
FILE_2024-02-14 15.04 04%20-%20RT%20App%20Paper%202-representations.aird.hepsy,46.95841693878174
