node,execution_time
wrapper,5.131656169891357
wrapper,4.904925584793091
wrapper,4.908048629760742
wrapper,5.00260853767395
FILE_2024-02-13 16.44 00%20-%20DigitalCam%20Nominal-representations.aird.hepsy,24.899204969406128
