node,execution_time
wrapper,5.0223708152771
wrapper,4.8977439403533936
wrapper,25.77571153640747
wrapper,4.999598503112793
FILE_2024-02-14 17.46 10%20-%20JPEG_encoder-representations.aird.hepsy,45.71461462974548
