node,execution_time
wrapper,5.116073369979858
wrapper,5.036443471908569
wrapper,24.203033685684204
wrapper,21.666662454605103
wrapper,28.029420375823975
wrapper,20.89708423614502
wrapper,4.951233386993408
wrapper,15.772397518157959
wrapper,4.8761632442474365
FILE_2024-02-13 17.34 01%20-%20FIRFIRGCD-representations.aird.hepsy,135.47230768203735
