node,execution_time
wrapper,4.961247205734253
wrapper,4.936572074890137
wrapper,27.936559915542603
wrapper,5.070094585418701
FILE_2024-02-14 18.30 13%20-%20FIRFIRGCD_HPV-representations.aird.hepsy,47.81090188026428
