node,execution_time
wrapper,4.893540859222412
wrapper,4.9168736934661865
wrapper,20.311811923980713
wrapper,21.747017860412598
wrapper,20.840402364730835
wrapper,19.03219509124756
wrapper,4.9254937171936035
wrapper,21.895922899246216
wrapper,22.244298696517944
wrapper,5.001984357833862
FILE_2024-02-14 14.50 03%20-%20RT%20App%20Paper-representations.aird.hepsy,150.69457912445068
