node,execution_time
wrapper,4.912593364715576
wrapper,4.905421495437622
wrapper,25.359457969665527
wrapper,22.274422645568848
wrapper,5.041353464126587
FILE_2024-02-14 15.51 06%20-%20Sobel-representations.aird.hepsy,67.40660643577576
