node,execution_time
wrapper,4.85629415512085
wrapper,4.943088054656982
wrapper,29.05484104156494
wrapper,34.126375675201416
wrapper,28.522907972335815
wrapper,28.409263610839844
wrapper,5.338103771209717
wrapper,5.172348260879517
wrapper,27.572262048721313
wrapper,4.915943622589111
FILE_2024-02-13 16.59 00%20-%20DigitalCam%20Parallel-representations.aird.hepsy,177.80422377586365
