node,execution_time
wrapper,4.941069602966309
wrapper,5.190351486206055
wrapper,22.250712394714355
wrapper,4.947103500366211
FILE_2024-02-14 17.58 11%20-%20JPEG%20Reduced-representations.aird.hepsy,42.35718584060669
