node,execution_time
wrapper,4.956058740615845
wrapper,4.893975496292114
wrapper,4.904924392700195
wrapper,20.888806581497192
wrapper,20.117928743362427
wrapper,23.908972024917603
wrapper,4.963189363479614
wrapper,21.31974959373474
wrapper,22.39759397506714
wrapper,4.942461252212524
FILE_2024-02-14 14.40 02%20-%20RT%20App-representations.aird.hepsy,138.22098350524902
