node,execution_time
wrapper,4.992608308792114
wrapper,4.9382524490356445
wrapper,23.54900312423706
wrapper,23.66832160949707
wrapper,32.28451347351074
wrapper,5.048223972320557
FILE_2024-02-14 15.52 07%20-%20Roberts-representations.aird.hepsy,99.34498882293701
