file_name,total_emissions
test-rag.hepsy,0.008067924179676887
TOTAL_APP,0.008166120294980954
