node,execution_time
wrapper,5.479997396469116
wrapper,5.652280807495117
wrapper,105.30890822410583
wrapper,64.0269341468811
wrapper,65.9040379524231
wrapper,80.16971135139465
wrapper,10.332289457321167
wrapper,5.695358753204346
wrapper,6.223215341567993
wrapper,6.362640619277954
FILE_ex10_writer0000.bpmn,362.0690634250641
