node,execution_time
wrapper,6.935445547103882
wrapper,5.9343178272247314
wrapper,49.51952838897705
wrapper,6.011526584625244
FILE_ex01_writer0001.bpmn,74.61825394630432
