node,execution_time
wrapper,5.612910747528076
wrapper,6.06177544593811
wrapper,44.70661735534668
wrapper,58.711517572402954
wrapper,42.039328813552856
wrapper,5.9947545528411865
wrapper,6.201930522918701
wrapper,9.127346754074097
wrapper,7.042759418487549
wrapper,6.182738780975342
FILE_ex03_writer0001.bpmn,196.93663811683655
