file_name,execution_time
ex09_writer0002.bpmn,196.932532787323
ex10_writer0000.bpmn,362.0690634250641
TOTAL_APP,559.7249262332916
