node,execution_time
wrapper,5.259634733200073
wrapper,5.472361087799072
wrapper,43.20003819465637
wrapper,57.973170042037964
wrapper,62.34936213493347
wrapper,51.715906858444214
wrapper,8.57611083984375
wrapper,5.7589874267578125
wrapper,6.212810754776001
wrapper,7.300664663314819
FILE_ex07_writer0000.bpmn,260.2282395362854
