node,execution_time
wrapper,6.367798328399658
wrapper,6.020212888717651
wrapper,64.28461360931396
wrapper,62.67558145523071
wrapper,7.62903618812561
wrapper,11.904804706573486
wrapper,6.763036489486694
wrapper,5.911918640136719
wrapper,7.740920066833496
wrapper,12.341941118240356
FILE_ex09_writer0002.bpmn,196.932532787323
