node,execution_time
wrapper,5.396799802780151
wrapper,5.487439870834351
wrapper,58.47271656990051
wrapper,59.042649030685425
wrapper,64.78418254852295
wrapper,63.75873684883118
wrapper,5.454214811325073
wrapper,6.110631942749023
wrapper,11.438703775405884
wrapper,6.390985012054443
FILE_ex05_writer0013.bpmn,291.5308575630188
