node,execution_time
wrapper,6.168111562728882
wrapper,8.303781270980835
wrapper,57.94751048088074
wrapper,67.07668089866638
wrapper,6.453230142593384
wrapper,5.506506443023682
wrapper,5.868240118026733
wrapper,5.482330083847046
wrapper,5.700466871261597
wrapper,6.293011665344238
FILE_ex02_writer0001.bpmn,180.16402745246887
