file_name,total_emissions
test-rag.hepsy,0.003243898672582368
TOTAL_APP,0.0034266082310339483
