node,execution_time
wrapper,5.003884553909302
wrapper,10.031100511550903
wrapper,7.895569324493408
wrapper,20.492730855941772
wrapper,5.894935369491577
wrapper,7.250104665756226
wrapper,7.558490753173828
wrapper,12.131555557250977
FILE_test-rag.hepsy,77.06483101844788
