total_emissions,node
4.318461408475108e-08,generate_query_node
5.171121144942808e-08,cache_context_node
7.285195809858418e-05,model_generation_node
2.3252656915679803e-07,model_validation_node
0.00018257603605709817,FILE_ex08_writer0000.bpmn
