file_name,total_emissions
test-rag.hepsy,0.0038693373098915803
TOTAL_APP,0.004076791443733341
