node,execution_time
wrapper,5.010940790176392
wrapper,9.955873727798462
wrapper,7.013532876968384
wrapper,9.416523933410645
wrapper,5.534180402755737
wrapper,5.811166048049927
wrapper,7.584012985229492
wrapper,11.844563722610474
wrapper,5.626239776611328
wrapper,6.503814935684204
wrapper,7.603199005126953
wrapper,13.190433025360107
FILE_test-rag.hepsy,95.7454924583435
