total_emissions,file_name
0.013349015708943467,test-rag.hepsy
0.013690701628208173,TOTAL_APP
