node,execution_time
wrapper,5.064714670181274
wrapper,10.112061738967896
wrapper,5.172433853149414
wrapper,24.5094313621521
wrapper,7.046254396438599
wrapper,7.983219623565674
wrapper,8.035177230834961
wrapper,55.45779848098755
FILE_test-rag.hepsy,203.80304050445557
