total_emissions,node
5.120888616090938e-08,generate_query_node
1.0278458694418213e-07,cache_context_node
0.00023126749833740767,model_generation_node
2.727071611007968e-07,model_validation_node
0.0003455747519927084,FILE_ex08_writer0000.bpmn
