node,execution_time
wrapper,5.004917621612549
wrapper,4.954235792160034
wrapper,84.8491530418396
wrapper,6.558836221694946
FILE_ex04_writer0008.bpmn,106.29126644134521
