file_name,total_emissions
test-rag.hepsy,0.0036009267781368253
TOTAL_APP,0.0037295869924117557
