node,execution_time
wrapper,5.0063886642456055
wrapper,10.0088369846344
wrapper,6.8933470249176025
wrapper,25.09734034538269
wrapper,6.454660177230835
wrapper,8.193560361862183
wrapper,7.6775383949279785
wrapper,20.886379957199097
wrapper,6.282480716705322
wrapper,9.006990432739258
wrapper,7.166574478149414
wrapper,28.976885318756104
FILE_test-rag.hepsy,143.69312357902527
