file_name,total_emissions
test-rag.hepsy,0.0028238155965705472
TOTAL_APP,0.0030458020333109293
