node,execution_time
wrapper,4.992313623428345
wrapper,10.066254377365112
wrapper,7.694217681884766
wrapper,12.087656259536743
wrapper,5.858960151672363
wrapper,6.487179279327393
wrapper,7.350267648696899
wrapper,8.012970685958862
FILE_test-rag.hepsy,63.119059801101685
