file_name,execution_time
test-rag.hepsy,63.119059801101685
TOTAL_APP,63.146928787231445
