total_emissions,file_name
0.0044398119282618295,test-rag.hepsy
0.004792117188324034,TOTAL_APP
