node,execution_time
wrapper,5.552930593490601
wrapper,10.698167562484741
wrapper,5.347318172454834
wrapper,8.458763122558594
wrapper,6.006462097167969
wrapper,6.470972299575806
wrapper,8.939212322235107
wrapper,11.82799220085144
FILE_test-rag.hepsy,71.25948286056519
