file_name,total_emissions
ex00_writer0001.bpmn,0.0003677479132460323
ex01_writer0001.bpmn,0.0003873120103342444
ex02_writer0001.bpmn,0.0007523178552623277
ex03_writer0001.bpmn,0.0009360968322793073
ex04_writer0008.bpmn,0.0009183343423001847
ex05_writer0013.bpmn,0.0009770050722782355
ex07_writer0000.bpmn,0.0011738761429077136
ex08_writer0000.bpmn,0.0013918042806961729
ex09_writer0002.bpmn,0.0008476169331831933
ex10_writer0000.bpmn,0.0012512527873462542
TOTAL_APP,0.00935601843319085
