node,execution_time
wrapper,5.750635623931885
wrapper,5.870611190795898
wrapper,71.57713842391968
wrapper,66.17062473297119
wrapper,74.09404134750366
wrapper,5.802291631698608
wrapper,5.614631414413452
wrapper,6.033255100250244
wrapper,6.573063373565674
wrapper,6.540425062179565
FILE_ex08_writer0000.bpmn,259.5069160461426
