node,execution_time
wrapper,7.516949415206909
wrapper,5.8539509773254395
wrapper,60.157185554504395
wrapper,56.53713369369507
wrapper,6.603708982467651
wrapper,6.8788065910339355
wrapper,8.22379446029663
wrapper,5.97558331489563
wrapper,5.723585367202759
wrapper,8.134669542312622
FILE_ex03_writer0001.bpmn,178.0702097415924
