node,execution_time
wrapper,5.361324787139893
wrapper,5.408971786499023
wrapper,59.42936038970947
wrapper,49.312981367111206
wrapper,5.263870000839233
wrapper,7.417444705963135
wrapper,5.905961036682129
wrapper,5.82158899307251
wrapper,5.4319748878479
wrapper,5.463959693908691
FILE_ex09_writer0002.bpmn,160.93714332580566
