node,total_emissions
generate_query_node,3.168765994860358e-08
cache_context_node,5.888843903681401e-08
model_generation_node,3.595173548321421e-05
model_validation_node,1.4821659015844416e-07
FILE_2024-02-14 18.30 13%20-%20FIRFIRGCD_HPV-representations.aird.hepsy,0.00014553395893759146
