node,execution_time
wrapper,4.991395950317383
wrapper,4.934282302856445
wrapper,13.536505937576294
wrapper,4.969099283218384
FILE_2024-02-14 17.46 10%20-%20JPEG_encoder-representations.aird.hepsy,33.31484365463257
