node,execution_time
wrapper,18.816187620162964
wrapper,20.381248950958252
wrapper,50.974398374557495
wrapper,51.33475685119629
wrapper,50.72729754447937
wrapper,49.76442766189575
wrapper,26.506017208099365
wrapper,23.193774938583374
wrapper,21.1330406665802
wrapper,15.026302576065063
FILE_ex07_writer0000.bpmn,341.34485912323
