file_name,execution_time
ex00_writer0001.bpmn,75.37613272666931
ex01_writer0001.bpmn,70.89985918998718
ex02_writer0001.bpmn,88.39828872680664
ex03_writer0001.bpmn,319.62023520469666
ex04_writer0008.bpmn,106.87245559692383
ex05_writer0013.bpmn,137.303786277771
ex07_writer0000.bpmn,341.34485912323
ex08_writer0000.bpmn,119.96241188049316
ex09_writer0002.bpmn,335.62985587120056
ex10_writer0000.bpmn,422.1022312641144
TOTAL_APP,2079.0514059066772
