node,execution_time
wrapper,18.421201944351196
wrapper,18.569440364837646
wrapper,82.36185550689697
wrapper,101.60008382797241
wrapper,67.8002872467041
wrapper,15.52613878250122
wrapper,15.963979721069336
wrapper,19.77963423728943
wrapper,17.57496190071106
wrapper,49.602205753326416
FILE_ex10_writer0000.bpmn,422.1022312641144
