total_emissions,node
5.034757189640607e-08,generate_query_node
3.380688363866672e-05,cache_context_node
0.0012676718104135142,model_generation_node
0.0012040393738820992,model_validation_node
2.8310518629830896e-05,model_validation_node
0.007470743310894014,FILE_ex08_writer0000.bpmn
