node,execution_time
wrapper,26.39440679550171
wrapper,14.251348733901978
wrapper,30.450164794921875
wrapper,26.768271446228027
FILE_ex00_writer0001.bpmn,112.8693618774414
