node,execution_time
wrapper,13.298784732818604
wrapper,13.757458209991455
wrapper,38.40674138069153
wrapper,46.62781357765198
wrapper,61.68567943572998
wrapper,54.32656192779541
wrapper,25.755085229873657
wrapper,20.220179319381714
wrapper,25.32715129852295
wrapper,25.45724892616272
FILE_ex09_writer0002.bpmn,335.62985587120056
