node,execution_time
wrapper,4.947728157043457
wrapper,4.97800350189209
wrapper,37.277018308639526
wrapper,4.964503049850464
FILE_2024-02-13 16.59 00%20-%20DigitalCam%20Parallel-representations.aird.hepsy,57.12045192718506
