node,execution_time
wrapper,5.214996814727783
wrapper,5.465473890304565
wrapper,28.006367921829224
wrapper,41.314366579055786
wrapper,28.37370252609253
wrapper,45.65157127380371
wrapper,5.054385423660278
wrapper,29.144720315933228
wrapper,39.194172859191895
wrapper,5.051846504211426
FILE_2024-02-13 17.34 01%20-%20FIRFIRGCD-representations.aird.hepsy,237.55290150642395
