node,execution_time
wrapper,12.53488540649414
wrapper,6.749436855316162
wrapper,25.097034692764282
wrapper,39.781001329422
wrapper,39.813257694244385
wrapper,40.39389204978943
wrapper,13.261525392532349
wrapper,47.90810680389404
wrapper,49.89225697517395
wrapper,9.07797122001648
FILE_2024-02-14 18.30 13%20-%20FIRFIRGCD_HPV-representations.aird.hepsy,293.32638335227966
