node,execution_time
wrapper,6.120688199996948
wrapper,9.561973333358765
wrapper,31.821834564208984
wrapper,35.16127586364746
wrapper,26.730289459228516
wrapper,34.799476623535156
wrapper,6.4808409214019775
wrapper,11.373888731002808
wrapper,33.98678207397461
wrapper,21.899563789367676
FILE_2024-02-14 18.17 12%20-%20FIRFIRGCD_ext-representations.aird.hepsy,226.48856258392334
