total_emissions,node
4.992137183354044e-08,generate_query_node
5.7328937234928763e-08,cache_context_node
0.003330061799575267,model_generation_node
3.589643819567342e-07,model_validation_node
0.004666950500421399,FILE_ex02_writer0001.bpmn
