node,execution_time
wrapper,5.161620378494263
wrapper,5.269535779953003
wrapper,66.19659614562988
wrapper,57.814350843429565
wrapper,5.534588813781738
wrapper,5.402045726776123
wrapper,5.46967339515686
wrapper,5.784616947174072
wrapper,5.1087117195129395
wrapper,5.596213102340698
FILE_ex10_writer0000.bpmn,172.73695182800293
