file_name,execution_time
ex00_writer0001.bpmn,67.57221722602844
ex01_writer0001.bpmn,63.70856595039368
ex02_writer0001.bpmn,76.99167513847351
ex03_writer0001.bpmn,327.9544997215271
ex04_writer0008.bpmn,88.5096845626831
ex05_writer0013.bpmn,149.26997637748718
ex07_writer0000.bpmn,178.78458213806152
ex08_writer0000.bpmn,146.28245496749878
ex09_writer0002.bpmn,89.30881929397583
ex10_writer0000.bpmn,172.73695182800293
TOTAL_APP,1361.8174695968628
