node,execution_time
wrapper,5.097764253616333
wrapper,5.102031469345093
wrapper,61.32095432281494
wrapper,71.05752873420715
wrapper,5.154772043228149
wrapper,5.121634244918823
wrapper,5.172457933425903
wrapper,5.13169264793396
wrapper,5.256658554077148
wrapper,5.300776481628418
FILE_ex07_writer0000.bpmn,178.78458213806152
