node,execution_time
wrapper,5.096617698669434
wrapper,5.128128528594971
wrapper,68.94375157356262
wrapper,5.144711494445801
FILE_ex09_writer0002.bpmn,89.30881929397583
