total_emissions,node
5.4641268479346135e-08,generate_query_node
4.8409797711372196e-08,cache_context_node
0.00018172190831364758,model_generation_node
2.1272751880298765e-07,model_validation_node
0.0002910424635421009,FILE_ex05_writer0013.bpmn
