node,total_emissions
generate_query_node,8.217875012977796e-08
cache_context_node,5.585022830085218e-08
model_generation_node,0.00012553339780879577
model_validation_node,9.800676791897476e-05
model_validation_node,2.21885112149934e-07
FILE_2024-02-14 18.17 12%20-%20FIRFIRGCD_ext-representations.aird.hepsy,0.0003627953515124823
