node,execution_time
wrapper,5.006984233856201
wrapper,5.052744626998901
wrapper,32.03489589691162
wrapper,20.19168448448181
wrapper,24.67899227142334
wrapper,21.91135025024414
wrapper,5.06676983833313
wrapper,20.684947967529297
wrapper,24.229801654815674
wrapper,5.046111583709717
FILE_2024-02-14 16.25 08%20-%20RASTA-PLP-representations.aird.hepsy,169.06598567962646
