node,execution_time
wrapper,4.973435878753662
wrapper,5.03143310546875
wrapper,27.54187250137329
wrapper,22.64638590812683
wrapper,5.102601528167725
FILE_2024-02-14 18.17 12%20-%20FIRFIRGCD_ext-representations.aird.hepsy,70.26804065704346
