node,execution_time
wrapper,4.988799333572388
wrapper,4.985073804855347
wrapper,22.16805410385132
wrapper,4.998421669006348
FILE_2024-02-13 16.44 00%20-%20DigitalCam%20Nominal-representations.aird.hepsy,42.20755863189697
