node,execution_time
wrapper,5.0038628578186035
wrapper,4.950294017791748
wrapper,24.76269507408142
wrapper,43.25834250450134
wrapper,29.548292875289917
wrapper,31.529804229736328
wrapper,4.995017051696777
wrapper,37.51822376251221
wrapper,40.72759795188904
wrapper,5.039233684539795
FILE_2024-02-14 15.04 04%20-%20RT%20App%20Paper%202-representations.aird.hepsy,232.66875338554382
