total_emissions,node
1.0410353988802644e-07,generate_query_node
6.874485900108985e-06,cache_context_node
0.00085213952297631,model_generation_node
0.002089592859327901,model_validation_node
1.3208190872174726e-07,model_validation_node
0.00455408212561956,FILE_2024-02-14 18.30 13%20-%20FIRFIRGCD_HPV-representations.aird.hepsy
