node,execution_time
wrapper,4.964768171310425
wrapper,5.162295341491699
wrapper,5.363421678543091
wrapper,29.49726700782776
wrapper,26.852657794952393
wrapper,33.506332874298096
wrapper,5.058211326599121
wrapper,32.192898750305176
wrapper,5.160099983215332
FILE_2024-02-14 14.40 02%20-%20RT%20App-representations.aird.hepsy,153.3028542995453
