node,execution_time
wrapper,5.039588689804077
wrapper,5.064682960510254
wrapper,24.781975984573364
wrapper,5.269561529159546
FILE_2024-02-14 18.17 12%20-%20FIRFIRGCD_ext-representations.aird.hepsy,45.098814249038696
