file_name,total_emissions
ex00_writer0001.bpmn,0.0003013124958005054
ex01_writer0001.bpmn,0.00035167885545840416
ex02_writer0001.bpmn,0.0014686878897066675
ex03_writer0001.bpmn,0.0008518105711588504
ex04_writer0008.bpmn,0.0006997975236195698
ex05_writer0013.bpmn,0.0008865255029554607
ex07_writer0000.bpmn,0.0007412057718863095
ex08_writer0000.bpmn,0.000981044083368785
ex09_writer0002.bpmn,0.0008085657982220657
ex10_writer0000.bpmn,0.0011940139800779345
TOTAL_APP,0.008566177162641223
