total_emissions,node
1.0302247491722876e-07,generate_query_node
6.299338267713828e-08,cache_context_node
0.00023525205864498639,model_generation_node
1.4062686710018235e-07,model_validation_node
0.00035167885545840416,FILE_ex01_writer0001.bpmn
