node,execution_time
wrapper,5.133618354797363
wrapper,5.105431795120239
wrapper,38.699514389038086
wrapper,5.559610366821289
FILE_ex00_writer0001.bpmn,59.51860761642456
