node,execution_time
wrapper,5.014718055725098
wrapper,4.971167325973511
wrapper,40.43244290351868
wrapper,65.3321361541748
wrapper,5.050818920135498
wrapper,4.966307163238525
wrapper,5.064510107040405
wrapper,5.012375593185425
wrapper,4.985234022140503
wrapper,5.045644283294678
FILE_ex09_writer0002.bpmn,150.82614588737488
