node,execution_time
wrapper,5.287419557571411
wrapper,5.412847518920898
wrapper,47.622912883758545
wrapper,5.125641584396362
FILE_ex01_writer0001.bpmn,68.84757828712463
