node,execution_time
wrapper,5.022139549255371
wrapper,5.008293390274048
wrapper,45.38936924934387
wrapper,40.454832792282104
wrapper,4.955692529678345
wrapper,5.138773202896118
wrapper,5.003176212310791
wrapper,5.09161376953125
wrapper,5.226028680801392
wrapper,5.060053586959839
FILE_ex04_writer0008.bpmn,131.31690430641174
