node,execution_time
wrapper,4.924118757247925
wrapper,5.124456167221069
wrapper,52.92228412628174
wrapper,40.7582643032074
wrapper,4.9886438846588135
wrapper,4.972088575363159
wrapper,5.069154977798462
wrapper,4.95681619644165
wrapper,5.03610372543335
wrapper,5.067715406417847
FILE_ex07_writer0000.bpmn,138.82838439941406
