node,execution_time
wrapper,4.939908027648926
wrapper,4.903746604919434
wrapper,92.94204306602478
wrapper,82.86623644828796
wrapper,4.963595151901245
wrapper,4.941076278686523
wrapper,4.932457685470581
wrapper,4.977579116821289
wrapper,4.952643632888794
wrapper,4.956288814544678
FILE_ex10_writer0000.bpmn,220.33921098709106
