node,execution_time
wrapper,5.058248519897461
wrapper,5.068740129470825
wrapper,55.89946794509888
wrapper,63.0959255695343
wrapper,5.082178831100464
wrapper,5.058206796646118
wrapper,5.100275039672852
wrapper,5.131835460662842
wrapper,5.582970380783081
wrapper,5.076818227767944
FILE_ex05_writer0013.bpmn,165.41857767105103
