node,execution_time
wrapper,4.951880931854248
wrapper,5.076300382614136
wrapper,54.507967710494995
wrapper,35.08562922477722
wrapper,52.61055088043213
wrapper,4.982970476150513
wrapper,5.018905878067017
wrapper,4.938601016998291
wrapper,4.956044435501099
wrapper,4.983848810195923
FILE_ex08_writer0000.bpmn,182.0142412185669
