node,execution_time
wrapper,5.173759698867798
wrapper,4.93610143661499
wrapper,50.522101402282715
wrapper,38.791409492492676
wrapper,53.78794050216675
wrapper,92.10784769058228
wrapper,5.005437612533569
wrapper,4.971845865249634
wrapper,4.905351400375366
wrapper,4.958019495010376
FILE_ex02_writer0001.bpmn,270.3368716239929
