node,execution_time
wrapper,4.955279111862183
wrapper,5.197706460952759
wrapper,60.215672731399536
wrapper,52.80395698547363
wrapper,5.040755987167358
wrapper,4.998866319656372
wrapper,5.256608724594116
wrapper,5.142719268798828
wrapper,5.106513738632202
wrapper,5.021882057189941
FILE_ex03_writer0001.bpmn,158.643794298172
