file_name,execution_time
ex00_writer0001.bpmn,59.51860761642456
ex01_writer0001.bpmn,68.84757828712463
ex02_writer0001.bpmn,270.3368716239929
ex03_writer0001.bpmn,158.643794298172
ex04_writer0008.bpmn,131.31690430641174
ex05_writer0013.bpmn,165.41857767105103
ex07_writer0000.bpmn,138.82838439941406
ex08_writer0000.bpmn,182.0142412185669
ex09_writer0002.bpmn,150.82614588737488
ex10_writer0000.bpmn,220.33921098709106
TOTAL_APP,1546.6415317058563
