total_emissions,node
5.210443542533278e-08,generate_query_node
5.6412539106628305e-08,cache_context_node
0.00032739863850175387,model_generation_node
1.495455429360259e-07,model_validation_node
0.001757471461145577,FILE_2024-02-14 15.40 05%20-%20Hepsy%20Example-representations.aird.hepsy
