node,execution_time
wrapper,5.554176330566406
wrapper,5.355026483535767
wrapper,20.657854557037354
wrapper,35.072232484817505
wrapper,16.197970151901245
wrapper,15.828697443008423
wrapper,5.171618938446045
wrapper,24.992433547973633
wrapper,21.559614658355713
wrapper,5.652191400527954
FILE_2024-02-13 16.59 00%20-%20DigitalCam%20Parallel-representations.aird.hepsy,161.16325664520264
