node,execution_time
wrapper,5.471163511276245
wrapper,4.985016584396362
wrapper,11.112776756286621
wrapper,12.16034483909607
wrapper,11.807896614074707
wrapper,5.3453991413116455
FILE_2024-02-14 16.25 08%20-%20RASTA-PLP-representations.aird.hepsy,56.09553241729736
