node,execution_time
wrapper,5.3802571296691895
wrapper,5.43357253074646
wrapper,19.92224097251892
wrapper,18.28194570541382
wrapper,10.949937582015991
wrapper,12.533873319625854
wrapper,5.369321584701538
wrapper,17.267149209976196
wrapper,12.821142196655273
wrapper,5.988374710083008
FILE_2024-02-14 15.51 06%20-%20Sobel-representations.aird.hepsy,120.32180619239807
