node,execution_time
wrapper,5.324045896530151
wrapper,6.326677560806274
wrapper,15.954522848129272
wrapper,13.54067325592041
wrapper,5.21790337562561
FILE_2024-02-14 15.04 04%20-%20RT%20App%20Paper%202-representations.aird.hepsy,51.64726281166077
