node,execution_time
wrapper,5.599772691726685
wrapper,5.664912462234497
wrapper,14.470797777175903
wrapper,10.448078393936157
wrapper,11.389048099517822
wrapper,14.489511728286743
wrapper,5.778332948684692
wrapper,5.399458646774292
wrapper,5.44246768951416
wrapper,5.466150760650635
FILE_2024-02-14 17.00 09%20-%20Susan-representations.aird.hepsy,89.3217043876648
