node,execution_time
wrapper,5.453785419464111
wrapper,5.423724889755249
wrapper,18.411903858184814
wrapper,10.964922904968262
wrapper,19.526554822921753
wrapper,12.344785451889038
wrapper,5.307785511016846
wrapper,9.418714046478271
wrapper,12.18581223487854
wrapper,5.107016324996948
FILE_2024-02-13 16.44 00%20-%20DigitalCam%20Nominal-representations.aird.hepsy,109.3048803806305
