node,execution_time
wrapper,5.142845153808594
wrapper,5.2714314460754395
wrapper,11.547173976898193
wrapper,9.810831308364868
wrapper,5.224402904510498
FILE_2024-02-14 14.50 03%20-%20RT%20App%20Paper-representations.aird.hepsy,42.13008093833923
