node,execution_time
wrapper,5.157303333282471
wrapper,5.113158464431763
wrapper,13.468174934387207
wrapper,9.73537015914917
wrapper,5.28418493270874
FILE_2024-02-13 17.34 01%20-%20FIRFIRGCD-representations.aird.hepsy,44.02276563644409
