total_emissions,node
6.965318129122512e-06,generate_query_node
5.7533141096690166e-08,cache_context_node
0.00037733941507678205,model_generation_node
6.6982812354400596e-06,model_validation_node
0.0017360868549036585,FILE_2024-02-14 17.58 11%20-%20JPEG%20Reduced-representations.aird.hepsy
