total_emissions,node
4.370346164512352e-08,generate_query_node
9.844741487585884e-08,cache_context_node
0.00040609653120801036,model_generation_node
3.416861234839214e-06,model_validation_node
0.0017516105586329437,FILE_2024-02-13 16.44 00%20-%20DigitalCam%20Nominal-representations.aird.hepsy
