node,execution_time
wrapper,5.143723487854004
wrapper,5.284770488739014
wrapper,5.44782018661499
wrapper,11.947782516479492
wrapper,11.865181684494019
wrapper,10.309669733047485
wrapper,5.333541631698608
wrapper,12.319048404693604
wrapper,13.695857048034668
wrapper,5.200540065765381
FILE_2024-02-14 14.40 02%20-%20RT%20App-representations.aird.hepsy,91.62025833129883
