node,execution_time
wrapper,5.406655311584473
wrapper,5.6151323318481445
wrapper,21.300326585769653
wrapper,14.29761266708374
wrapper,5.267569065093994
FILE_2024-02-14 18.17 12%20-%20FIRFIRGCD_ext-representations.aird.hepsy,56.92435383796692
