node,execution_time
wrapper,5.118821382522583
wrapper,5.151795148849487
wrapper,11.564139127731323
wrapper,5.089011192321777
FILE_2024-02-13 16.44 00%20-%20DigitalCam%20Nominal-representations.aird.hepsy,31.97728681564331
