node,execution_time
wrapper,5.100473165512085
wrapper,5.048804044723511
wrapper,13.840713500976562
wrapper,13.474946737289429
wrapper,16.840498208999634
wrapper,33.40834927558899
wrapper,5.118720054626465
wrapper,18.55355978012085
wrapper,11.523635625839233
wrapper,5.103833913803101
FILE_2024-02-14 15.51 06%20-%20Sobel-representations.aird.hepsy,133.0879602432251
