node,execution_time
wrapper,5.154320955276489
wrapper,5.688907861709595
wrapper,11.484813213348389
wrapper,9.805603265762329
wrapper,9.386760234832764
wrapper,5.618155241012573
wrapper,5.072191953659058
wrapper,5.308349609375
wrapper,5.650165557861328
wrapper,5.047583103179932
FILE_2024-02-14 15.40 05%20-%20Hepsy%20Example-representations.aird.hepsy,73.42634296417236
