node,execution_time
wrapper,5.134488344192505
wrapper,5.144688367843628
wrapper,10.855584383010864
wrapper,11.72862696647644
wrapper,15.434252738952637
wrapper,10.841756105422974
wrapper,5.045025110244751
wrapper,13.155048608779907
wrapper,5.284558534622192
FILE_2024-02-14 16.25 08%20-%20RASTA-PLP-representations.aird.hepsy,87.71485090255737
