node,execution_time
wrapper,5.155340194702148
wrapper,5.1040308475494385
wrapper,10.630059957504272
wrapper,12.910201072692871
wrapper,11.403761386871338
wrapper,10.791247367858887
wrapper,5.139722108840942
wrapper,5.2338948249816895
wrapper,13.399925708770752
wrapper,5.3565850257873535
FILE_2024-02-14 17.00 09%20-%20Susan-representations.aird.hepsy,90.16916275024414
