node,execution_time
wrapper,5.07366681098938
wrapper,5.1452929973602295
wrapper,10.586132526397705
wrapper,10.041049242019653
wrapper,5.2333385944366455
FILE_2024-02-14 14.50 03%20-%20RT%20App%20Paper-representations.aird.hepsy,41.180776596069336
