node,execution_time
wrapper,5.552632570266724
wrapper,5.198148727416992
wrapper,13.844097375869751
wrapper,23.35128879547119
wrapper,5.171326637268066
FILE_2024-02-14 15.04 04%20-%20RT%20App%20Paper%202-representations.aird.hepsy,58.21080279350281
