node,execution_time
wrapper,5.138526201248169
wrapper,5.105727910995483
wrapper,11.77803111076355
wrapper,5.605422735214233
FILE_2024-02-14 17.46 10%20-%20JPEG_encoder-representations.aird.hepsy,32.75594735145569
