node,execution_time
wrapper,7.806382179260254
wrapper,8.742598533630371
wrapper,26.44212317466736
wrapper,29.945610523223877
wrapper,29.690589666366577
wrapper,31.59031915664673
wrapper,7.5977253913879395
wrapper,26.084078550338745
wrapper,24.31411051750183
wrapper,6.3168785572052
FILE_2024-02-14 14.50 03%20-%20RT%20App%20Paper-representations.aird.hepsy,207.63381505012512
