node,execution_time
wrapper,6.305111646652222
wrapper,9.562283992767334
wrapper,21.888158082962036
wrapper,5.779784679412842
FILE_2024-02-14 16.25 08%20-%20RASTA-PLP-representations.aird.hepsy,49.08604383468628
