node,execution_time
wrapper,7.002091884613037
wrapper,8.915862560272217
wrapper,27.779692888259888
wrapper,36.27660059928894
FILE_2024-02-14 17.46 10%20-%20JPEG_encoder-representations.aird.hepsy,87.20010304450989
