node,execution_time
wrapper,23.002634286880493
wrapper,35.543018102645874
wrapper,129.77242183685303
wrapper,183.08802390098572
FILE_2024-02-14 18.17 12%20-%20FIRFIRGCD_ext-representations.aird.hepsy,381.2792294025421
