file_name,total_emissions
test-rag.hepsy,0.004381067054751963
TOTAL_APP,0.004485252367909753
