file_name,execution_time
test-rag.hepsy,201.63617491722107
TOTAL_APP,201.66917324066162
