node,execution_time
wrapper,4.9028613567352295
wrapper,9.854910850524902
wrapper,6.320983648300171
wrapper,23.86409616470337
wrapper,6.188342094421387
wrapper,8.993064403533936
wrapper,8.234767198562622
wrapper,22.929693937301636
wrapper,6.414444446563721
wrapper,8.374155282974243
wrapper,12.76379656791687
wrapper,28.612257480621338
wrapper,7.624624729156494
wrapper,9.943877458572388
wrapper,7.202988386154175
wrapper,27.836248874664307
FILE_test-rag.hepsy,201.63617491722107
