total_emissions,node
1.397317459005403e-07,generate_query_node
8.207049375944901e-08,cache_context_node
0.0010900187152385317,model_generation_node
0.0012711179274739273,model_validation_node
6.132434921840837e-06,model_validation_node
0.004276388843150884,FILE_2024-02-14 15.51 06%20-%20Sobel-representations.aird.hepsy
