node,execution_time
wrapper,5.392956495285034
wrapper,5.481134414672852
wrapper,25.53793478012085
wrapper,5.56092381477356
FILE_2024-02-14 17.46 10%20-%20JPEG_encoder-representations.aird.hepsy,47.20094919204712
