node,execution_time
wrapper,5.452727556228638
wrapper,5.700606822967529
wrapper,29.737497568130493
wrapper,25.065431833267212
wrapper,24.933603763580322
wrapper,21.489897966384888
wrapper,5.465092897415161
wrapper,27.069872856140137
wrapper,23.763043880462646
wrapper,7.055851697921753
FILE_2024-02-14 15.04 04%20-%20RT%20App%20Paper%202-representations.aird.hepsy,181.0302119255066
