file_name,total_emissions
test-rag.hepsy,0.009493770432143785
TOTAL_APP,0.009723778328789838
