node,execution_time
wrapper,5.3084797859191895
wrapper,5.585704803466797
wrapper,31.963155031204224
wrapper,10.734362840652466
wrapper,11.058861255645752
wrapper,9.839293718338013
wrapper,5.243190765380859
wrapper,11.759653091430664
wrapper,10.807414531707764
wrapper,5.359164714813232
FILE_2024-02-14 18.17 12%20-%20FIRFIRGCD_ext-representations.aird.hepsy,112.8683385848999
