node,execution_time
wrapper,5.196334362030029
wrapper,5.105932950973511
wrapper,20.05035710334778
wrapper,11.849658727645874
wrapper,11.508975267410278
wrapper,17.76031994819641
wrapper,5.150566577911377
wrapper,12.687924861907959
wrapper,10.78075909614563
wrapper,5.143255949020386
FILE_2024-02-13 17.34 01%20-%20FIRFIRGCD-representations.aird.hepsy,110.43337297439575
