node,execution_time
wrapper,5.303120136260986
wrapper,5.493502140045166
wrapper,13.508059978485107
wrapper,13.873927354812622
wrapper,5.313028812408447
FILE_2024-02-14 17.46 10%20-%20JPEG_encoder-representations.aird.hepsy,48.77514433860779
