total_emissions,file_name
0.007724550920797342,test-rag.hepsy
0.008078350515128693,TOTAL_APP
