node,execution_time
wrapper,5.208752870559692
wrapper,10.449690580368042
wrapper,5.321450233459473
wrapper,10.669780254364014
wrapper,7.705703258514404
wrapper,9.154016733169556
wrapper,9.190836191177368
wrapper,34.18728733062744
FILE_test-rag.hepsy,120.20249485969543
