file_name,execution_time
test-rag.hepsy,120.20249485969543
TOTAL_APP,120.24554228782654
