file_name,total_emissions
test-rag.hepsy,0.001786264147834809
TOTAL_APP,0.0019323801243478426
