total_emissions,node
4.437007953850921e-08,generate_query_from_metamodel
0.00014025847349927818,generate_query_node
6.417974737482496e-05,web_search
0.00013477151233275082,generate_web
2.952597975704146e-05,grade_generation_v_documents_and_question
3.032498280065606e-05,evaluate_web_search_output
7.061236314395856e-05,evaluate_web_bert_score
0.00016098276640523788,cache_context_node
0.001786264147834809,FILE_test-rag.hepsy
