node,execution_time
wrapper,4.9972169399261475
wrapper,10.211663961410522
wrapper,7.439201354980469
wrapper,9.838765621185303
wrapper,5.802119255065918
wrapper,5.877173185348511
wrapper,7.341427564620972
wrapper,10.187422037124634
FILE_test-rag.hepsy,62.47151207923889
