node,total_emissions
generate_query_node,4.8768716203388685e-08
cache_context_node,4.8797575159512224e-08
model_generation_node,3.470311484375658e-05
model_validation_node,3.087239365163337e-05
model_validation_node,2.7025678419360163e-07
FILE_2024-02-14 18.17 12%20-%20FIRFIRGCD_ext-representations.aird.hepsy,0.0002127500512738955
