node,total_emissions
generate_query_node,5.5827893517000354e-08
cache_context_node,1.0206037691842105e-07
model_generation_node,3.144284704255601e-05
model_validation_node,3.357420451710782e-05
model_validation_node,3.70024863723862e-05
model_validation_node,1.9041925779074894e-07
FILE_2024-02-14 15.04 04%20-%20RT%20App%20Paper%202-representations.aird.hepsy,0.000271126751887637
