node,total_emissions
generate_query_node,4.306104011783443e-08
cache_context_node,1.1395329430173128e-07
model_generation_node,3.582002825291611e-07
model_validation_node,2.6720992869545235e-05
model_validation_node,1.7162824399261582e-07
FILE_2024-02-14 14.40 02%20-%20RT%20App-representations.aird.hepsy,0.00016982180788888384
