node,total_emissions
generate_query_node,2.923721951895079e-07
cache_context_node,5.802872768755149e-08
model_generation_node,2.731409614481966e-05
model_validation_node,2.3856437616420027e-05
model_validation_node,3.4506717257185917e-07
FILE_2024-02-14 15.51 06%20-%20Sobel-representations.aird.hepsy,0.0002013859519495329
