node,total_emissions
generate_query_node,4.5755402805003005e-08
cache_context_node,5.524151772356313e-08
model_generation_node,2.8632446983002792e-05
model_validation_node,2.866551972837934e-05
model_validation_node,4.227896843879314e-05
model_validation_node,1.9436762851628663e-07
FILE_2024-02-14 17.00 09%20-%20Susan-representations.aird.hepsy,0.00026927215759224576
