node,total_emissions
generate_query_node,1.5380753199066913e-07
cache_context_node,5.297342465482856e-08
model_generation_node,2.9107386761261954e-05
model_validation_node,3.0336145664858014e-07
FILE_2024-02-14 15.52 07%20-%20Roberts-representations.aird.hepsy,0.00014223053573270865
