node,total_emissions
generate_query_node,1.2992334186837123e-07
cache_context_node,4.755924120821299e-08
model_generation_node,2.3839442600740675e-05
model_validation_node,1.8037519175314342e-07
FILE_2024-02-14 18.30 13%20-%20FIRFIRGCD_HPV-representations.aird.hepsy,0.0001484441601552782
