node,execution_time
wrapper,5.103390455245972
wrapper,5.1317784786224365
wrapper,10.700509786605835
wrapper,11.151128053665161
wrapper,11.760530710220337
wrapper,5.1953301429748535
FILE_2024-02-14 15.04 04%20-%20RT%20App%20Paper%202-representations.aird.hepsy,54.14218235015869
