node,execution_time
wrapper,5.0014002323150635
wrapper,5.047857284545898
wrapper,10.2826828956604
wrapper,10.35971212387085
wrapper,12.84886360168457
wrapper,5.147358417510986
FILE_2024-02-14 17.00 09%20-%20Susan-representations.aird.hepsy,53.69077682495117
