node,execution_time
wrapper,5.136033773422241
wrapper,5.102383852005005
wrapper,10.313731908798218
wrapper,5.185395956039429
FILE_2024-02-14 15.52 07%20-%20Roberts-representations.aird.hepsy,30.85138750076294
