node,execution_time
wrapper,5.492635250091553
wrapper,5.192957639694214
wrapper,11.060758590698242
wrapper,5.162736892700195
FILE_2024-02-13 16.44 00%20-%20DigitalCam%20Nominal-representations.aird.hepsy,32.156150341033936
