node,execution_time
wrapper,5.041375398635864
wrapper,5.110397577285767
wrapper,13.399684429168701
wrapper,12.959733486175537
wrapper,5.197891473770142
FILE_2024-02-14 16.25 08%20-%20RASTA-PLP-representations.aird.hepsy,46.69969916343689
