node,execution_time
wrapper,5.086757183074951
wrapper,5.015258312225342
wrapper,11.35556697845459
wrapper,11.783568859100342
wrapper,5.247615337371826
FILE_2024-02-14 18.17 12%20-%20FIRFIRGCD_ext-representations.aird.hepsy,43.48155999183655
