total_emissions,node
4.2808021274714025e-08,generate_query_node
4.0726952096817814e-08,cache_context_node
9.342290854471334e-08,model_generation_node
1.6890371661395414e-07,model_validation_node
0.0001097908991366565,FILE_ex00_writer0001.bpmn
