node,execution_time
wrapper,4.991300582885742
wrapper,4.949673891067505
wrapper,33.145158529281616
wrapper,21.564486980438232
wrapper,20.13608980178833
wrapper,30.030728340148926
wrapper,5.031076192855835
wrapper,4.956427097320557
wrapper,4.962359666824341
wrapper,4.941018342971802
FILE_ex08_writer0000.bpmn,139.70210599899292
