file_name,total_emissions
test-rag.hepsy,0.0019168955499780358
TOTAL_APP,0.0020740723785844044
