node,execution_time
wrapper,5.108716249465942
wrapper,10.010247707366943
wrapper,7.824476718902588
wrapper,10.62031102180481
wrapper,5.909276247024536
wrapper,5.963068962097168
wrapper,7.395846605300903
wrapper,9.153516292572021
FILE_test-rag.hepsy,62.49784827232361
