node,total_emissions
generate_query_node,1.0565006244343617e-07
cache_context_node,6.18968565389828e-08
model_generation_node,2.9655608520724478e-05
model_validation_node,3.5290162413238216e-05
model_validation_node,6.234766857884802e-05
model_validation_node,1.423635236242438e-07
FILE_2024-02-14 18.17 12%20-%20FIRFIRGCD_ext-representations.aird.hepsy,0.0002916285991959147
