node,total_emissions
generate_query_node,4.849815287946108e-08
cache_context_node,4.1928434954342985e-08
model_generation_node,3.260195267510152e-05
model_validation_node,1.8041607171750354e-07
FILE_2024-02-14 16.25 08%20-%20RASTA-PLP-representations.aird.hepsy,0.00014292718629236857
