node,total_emissions
generate_query_node,4.486471377845895e-08
cache_context_node,3.761408716443878e-08
model_generation_node,2.7573166679896127e-05
model_validation_node,2.435268381895043e-07
FILE_2024-02-14 17.46 10%20-%20JPEG_encoder-representations.aird.hepsy,0.00013623189682268011
