node,total_emissions
generate_query_node,3.974948009796378e-08
cache_context_node,4.1153423138635627e-08
model_generation_node,5.11164340015109e-05
model_validation_node,3.636232302974329e-05
model_validation_node,1.1976947018839104e-07
FILE_2024-02-14 17.00 09%20-%20Susan-representations.aird.hepsy,0.00022342170693536828
