node,total_emissions
generate_query_node,9.951750470677557e-08
cache_context_node,4.185927294267936e-08
model_generation_node,4.781477092483652e-05
model_validation_node,5.254108991498659e-05
model_validation_node,3.881713356841855e-05
model_validation_node,2.22016350484984e-07
FILE_2024-02-14 17.58 11%20-%20JPEG%20Reduced-representations.aird.hepsy,0.0003030500746934292
