node,execution_time
wrapper,4.893407106399536
wrapper,4.8632378578186035
wrapper,9.867473363876343
wrapper,4.923481702804565
FILE_2024-02-14 17.46 10%20-%20JPEG_encoder-representations.aird.hepsy,29.41075325012207
