node,execution_time
wrapper,5.000705242156982
wrapper,4.982754230499268
wrapper,11.325884819030762
wrapper,12.297122955322266
wrapper,13.636669874191284
wrapper,14.658336877822876
wrapper,4.9522199630737305
wrapper,4.937796592712402
wrapper,4.866726875305176
wrapper,4.905179500579834
FILE_2024-02-14 15.51 06%20-%20Sobel-representations.aird.hepsy,86.48184037208557
