node,execution_time
wrapper,4.923398494720459
wrapper,5.046455144882202
wrapper,10.363459587097168
wrapper,11.557166337966919
wrapper,12.169390678405762
wrapper,15.922899007797241
wrapper,4.951527833938599
wrapper,10.7246835231781
wrapper,11.780036449432373
wrapper,4.887815237045288
FILE_2024-02-14 18.30 13%20-%20FIRFIRGCD_HPV-representations.aird.hepsy,97.24403953552246
