node,execution_time
wrapper,4.875523328781128
wrapper,4.9430296421051025
wrapper,13.606041669845581
wrapper,14.369091033935547
wrapper,11.916197299957275
wrapper,4.968564033508301
FILE_2024-02-14 17.58 11%20-%20JPEG%20Reduced-representations.aird.hepsy,59.53914284706116
