node,execution_time
wrapper,4.93697452545166
wrapper,5.0328404903411865
wrapper,10.777947187423706
wrapper,5.009467601776123
FILE_2024-02-14 16.25 08%20-%20RASTA-PLP-representations.aird.hepsy,30.728061199188232
