node,execution_time
wrapper,4.884467840194702
wrapper,4.952492952346802
wrapper,11.197171211242676
wrapper,11.998631000518799
wrapper,11.900147199630737
wrapper,11.302474975585938
wrapper,5.117607593536377
wrapper,13.428502082824707
wrapper,4.99597954750061
FILE_2024-02-14 15.04 04%20-%20RT%20App%20Paper%202-representations.aird.hepsy,84.69024682044983
