node,execution_time
wrapper,4.874091386795044
wrapper,4.900416135787964
wrapper,13.968255996704102
wrapper,12.27108645439148
wrapper,11.744096517562866
wrapper,11.581997871398926
wrapper,4.984681129455566
wrapper,12.440007448196411
wrapper,11.484281063079834
wrapper,4.991059064865112
FILE_2024-02-14 14.50 03%20-%20RT%20App%20Paper-representations.aird.hepsy,98.1572208404541
