node,execution_time
wrapper,4.967633962631226
wrapper,4.981215000152588
wrapper,21.422971963882446
wrapper,21.341681003570557
wrapper,22.63300108909607
wrapper,27.355104684829712
wrapper,4.925658226013184
wrapper,30.14578127861023
wrapper,23.91720676422119
wrapper,5.1197428703308105
FILE_2024-02-13 16.59 00%20-%20DigitalCam%20Parallel-representations.aird.hepsy,171.74506831169128
