node,execution_time
wrapper,4.85731053352356
wrapper,4.907715797424316
wrapper,14.091358184814453
wrapper,11.422762155532837
wrapper,5.00037956237793
FILE_2024-02-14 17.00 09%20-%20Susan-representations.aird.hepsy,45.237189292907715
