node,execution_time
wrapper,4.866056680679321
wrapper,4.87051248550415
wrapper,4.857617139816284
wrapper,10.927563667297363
wrapper,10.27733039855957
wrapper,10.365670680999756
wrapper,5.020721435546875
wrapper,10.615886688232422
wrapper,10.186416387557983
wrapper,4.9188501834869385
FILE_2024-02-14 14.40 02%20-%20RT%20App-representations.aird.hepsy,81.86544823646545
