node,execution_time
wrapper,4.979586839675903
wrapper,4.961923360824585
wrapper,11.69073748588562
wrapper,12.597036838531494
wrapper,11.857836246490479
wrapper,12.389336824417114
wrapper,4.951444625854492
wrapper,11.869882822036743
wrapper,10.129452228546143
wrapper,4.8896706104278564
FILE_2024-02-13 17.34 01%20-%20FIRFIRGCD-representations.aird.hepsy,95.3883421421051
