node,execution_time
wrapper,5.123700380325317
wrapper,5.109666585922241
wrapper,12.007659435272217
wrapper,10.28673505783081
wrapper,11.278796911239624
wrapper,10.516217470169067
wrapper,4.959102392196655
wrapper,4.90876579284668
wrapper,5.014120817184448
wrapper,5.057926177978516
FILE_2024-02-13 16.44 00%20-%20DigitalCam%20Nominal-representations.aird.hepsy,79.36770009994507
