node,execution_time
wrapper,5.087868690490723
wrapper,4.87679123878479
wrapper,10.262117385864258
wrapper,11.35140061378479
wrapper,16.108938932418823
wrapper,4.905961036682129
FILE_2024-02-14 18.17 12%20-%20FIRFIRGCD_ext-representations.aird.hepsy,57.648064613342285
