node,execution_time
wrapper,4.961720705032349
wrapper,4.925931215286255
wrapper,11.525718212127686
wrapper,19.05442452430725
wrapper,16.807112455368042
wrapper,14.407277822494507
wrapper,4.971344470977783
wrapper,5.068187713623047
wrapper,5.068205833435059
wrapper,5.072279691696167
FILE_2024-02-14 15.52 07%20-%20Roberts-representations.aird.hepsy,96.79706358909607
