node,execution_time
wrapper,4.890523433685303
wrapper,4.991963624954224
wrapper,9.89217209815979
wrapper,17.46831440925598
wrapper,16.123250007629395
wrapper,11.931902647018433
wrapper,4.994779109954834
wrapper,4.956462144851685
wrapper,4.976059913635254
wrapper,4.946936130523682
FILE_2024-02-14 15.40 05%20-%20Hepsy%20Example-representations.aird.hepsy,90.0571711063385
