node,total_emissions
generate_query_node,2.0558745851723116e-07
cache_context_node,1.0348203802057485e-07
model_generation_node,0.0014431309400769576
model_validation_node,0.0014683333408138776
model_validation_node,1.789776969347524e-07
FILE_2024-02-13 17.34 01%20-%20FIRFIRGCD-representations.aird.hepsy,0.004567642228996457
