node,execution_time
wrapper,4.910260200500488
wrapper,5.050182104110718
wrapper,20.405440092086792
wrapper,4.9805192947387695
FILE_2024-02-13 16.44 00%20-%20DigitalCam%20Nominal-representations.aird.hepsy,40.371036767959595
