node,total_emissions
generate_query_node,3.767989033044549e-08
cache_context_node,3.779985914573328e-08
model_generation_node,4.6705162567348886e-05
model_validation_node,8.252221695874416e-05
model_validation_node,3.809999231482106e-05
model_validation_node,1.3746755195421587e-07
FILE_2024-02-14 18.30 13%20-%20FIRFIRGCD_HPV-representations.aird.hepsy,0.0003316451423772817
