node,total_emissions
generate_query_node,2.5470014646816016e-07
cache_context_node,4.343348363094261e-08
model_generation_node,3.1096118554562524e-05
model_validation_node,1.3476751295947849e-07
FILE_2024-02-14 17.46 10%20-%20JPEG_encoder-representations.aird.hepsy,0.00014279317162880484
