node,total_emissions
generate_query_node,5.09494257766717e-08
cache_context_node,4.1021073375946575e-08
model_generation_node,4.002418377177129e-05
model_validation_node,1.3892516815645414e-07
FILE_2024-02-14 17.58 11%20-%20JPEG%20Reduced-representations.aird.hepsy,0.00015013337895810675
