node,total_emissions
generate_query_node,9.078362745096923e-08
cache_context_node,3.7597074164988776e-08
model_generation_node,3.496232879655393e-05
model_validation_node,1.2023524482183298e-07
FILE_2024-02-14 16.25 08%20-%20RASTA-PLP-representations.aird.hepsy,0.0001453750504178805
