node,total_emissions
generate_query_node,6.763591020540405e-08
cache_context_node,1.527715059138809e-07
model_generation_node,3.9682933695879846e-05
model_validation_node,1.872632354119372e-07
FILE_2024-02-14 14.50 03%20-%20RT%20App%20Paper-representations.aird.hepsy,0.00014987210904069675
