node,total_emissions
generate_query_node,8.416146824573739e-08
cache_context_node,1.0101923547575197e-07
model_generation_node,4.958081638703674e-05
model_validation_node,1.833811517525567e-07
FILE_2024-02-13 17.34 01%20-%20FIRFIRGCD-representations.aird.hepsy,0.00015955107780247303
