node,total_emissions
generate_query_node,4.8083149590421946e-08
cache_context_node,4.4588315210165835e-08
model_generation_node,4.5758424936801375e-05
model_validation_node,1.120888762704994e-07
FILE_2024-02-14 18.17 12%20-%20FIRFIRGCD_ext-representations.aird.hepsy,0.00015542149745420846
