node,total_emissions
generate_query_node,4.478915968657182e-08
cache_context_node,3.9936874583442205e-08
model_generation_node,5.991441065898778e-08
model_validation_node,1.1253128907793907e-07
FILE_2024-02-14 14.40 02%20-%20RT%20App-representations.aird.hepsy,0.00011011671424722507
