node,total_emissions
generate_query_node,4.919411283073352e-08
cache_context_node,1.1090775003866807e-07
model_generation_node,2.6924734207160975e-05
model_validation_node,2.0764214451370798e-07
FILE_2024-02-14 15.51 06%20-%20Sobel-representations.aird.hepsy,0.00013778045624693858
