node,execution_time
wrapper,4.965458869934082
wrapper,4.9277613162994385
wrapper,10.06049919128418
wrapper,4.984532356262207
FILE_2024-02-13 16.44 00%20-%20DigitalCam%20Nominal-representations.aird.hepsy,29.94394874572754
