node,execution_time
wrapper,4.981162786483765
wrapper,5.14635157585144
wrapper,10.558905839920044
wrapper,5.043107986450195
FILE_2024-02-14 17.46 10%20-%20JPEG_encoder-representations.aird.hepsy,30.64608407020569
