node,execution_time
wrapper,4.909095048904419
wrapper,4.968513488769531
wrapper,13.207054853439331
wrapper,4.942745685577393
FILE_2024-02-14 18.17 12%20-%20FIRFIRGCD_ext-representations.aird.hepsy,33.01768612861633
