node,execution_time
wrapper,4.913090467453003
wrapper,4.958887338638306
wrapper,4.932514667510986
wrapper,5.014577865600586
FILE_2024-02-14 14.40 02%20-%20RT%20App-representations.aird.hepsy,24.69997549057007
