node,execution_time
wrapper,4.976663112640381
wrapper,4.928433656692505
wrapper,9.896667718887329
wrapper,5.027764320373535
FILE_2024-02-14 15.51 06%20-%20Sobel-representations.aird.hepsy,29.861917972564697
