node,execution_time
wrapper,4.871273994445801
wrapper,4.952026605606079
wrapper,13.31080412864685
wrapper,19.83550214767456
wrapper,11.787035465240479
wrapper,5.069308280944824
FILE_2024-02-14 18.30 13%20-%20FIRFIRGCD_HPV-representations.aird.hepsy,64.69955825805664
