node,execution_time
wrapper,5.0195488929748535
wrapper,4.914029598236084
wrapper,11.6202712059021
wrapper,11.612744569778442
wrapper,13.068230390548706
wrapper,18.270394325256348
wrapper,5.007264614105225
wrapper,11.38273286819458
wrapper,12.307267665863037
wrapper,5.079060077667236
FILE_2024-02-14 15.04 04%20-%20RT%20App%20Paper%202-representations.aird.hepsy,103.33678483963013
