node,execution_time
wrapper,4.915585994720459
wrapper,4.933173418045044
wrapper,13.911728382110596
wrapper,5.003237247467041
FILE_2024-02-13 17.34 01%20-%20FIRFIRGCD-representations.aird.hepsy,33.65037131309509
