node,execution_time
wrapper,4.947236061096191
wrapper,4.9400410652160645
wrapper,21.326094388961792
wrapper,17.979997873306274
wrapper,32.66098117828369
wrapper,23.772372722625732
wrapper,4.946786642074585
wrapper,28.66673731803894
wrapper,18.377797842025757
wrapper,4.982464075088501
FILE_2024-02-13 16.59 00%20-%20DigitalCam%20Parallel-representations.aird.hepsy,167.56970977783203
