node,execution_time
wrapper,4.9405999183654785
wrapper,4.955263137817383
wrapper,12.138384580612183
wrapper,5.034419775009155
FILE_2024-02-14 17.58 11%20-%20JPEG%20Reduced-representations.aird.hepsy,31.956979751586914
