node,execution_time
wrapper,5.029234170913696
wrapper,4.962218761444092
wrapper,11.263352870941162
wrapper,4.929372549057007
FILE_2024-02-14 16.25 08%20-%20RASTA-PLP-representations.aird.hepsy,31.024608612060547
