node,execution_time
wrapper,4.900727987289429
wrapper,4.909969806671143
wrapper,14.039688110351562
wrapper,10.851486206054688
wrapper,12.874293804168701
wrapper,11.23655915260315
wrapper,4.941152572631836
wrapper,4.9519782066345215
wrapper,4.927884817123413
wrapper,4.9611289501190186
FILE_2024-02-14 17.00 09%20-%20Susan-representations.aird.hepsy,83.46303486824036
