node,execution_time
wrapper,4.972093105316162
wrapper,4.935964822769165
wrapper,12.105486869812012
wrapper,5.00374960899353
FILE_2024-02-14 14.50 03%20-%20RT%20App%20Paper-representations.aird.hepsy,31.99228596687317
