node,execution_time
wrapper,5.037677049636841
wrapper,5.002352714538574
wrapper,13.505314826965332
wrapper,12.436625242233276
wrapper,12.294907808303833
wrapper,13.347027778625488
wrapper,5.019977569580078
wrapper,4.963360548019409
wrapper,4.938466787338257
wrapper,4.986747980117798
FILE_2024-02-14 15.52 07%20-%20Roberts-representations.aird.hepsy,86.59149241447449
