node,execution_time
wrapper,4.9835364818573
wrapper,4.978918552398682
wrapper,10.0481698513031
wrapper,8.991873264312744
wrapper,9.826297283172607
wrapper,9.21225619316101
wrapper,4.959347724914551
wrapper,5.022251129150391
wrapper,4.96588659286499
wrapper,4.991528749465942
FILE_2024-02-14 15.40 05%20-%20Hepsy%20Example-representations.aird.hepsy,72.89303779602051
