node,total_emissions
generate_query_node,4.93265844292679e-08
cache_context_node,4.529990131846135e-08
model_generation_node,2.671089886587498e-05
model_validation_node,2.0904630371470392e-07
FILE_2024-02-14 15.51 06%20-%20Sobel-representations.aird.hepsy,0.00014018291167198867
