node,total_emissions
generate_query_node,6.344798801112093e-08
cache_context_node,5.1576396473916905e-08
model_generation_node,3.849097490275924e-05
model_validation_node,3.0853313206763055e-07
FILE_2024-02-14 17.58 11%20-%20JPEG%20Reduced-representations.aird.hepsy,0.00015231640335344615
