node,total_emissions
generate_query_node,4.0043832117869886e-08
cache_context_node,1.3109395648828463e-07
model_generation_node,5.0163012671628314e-05
model_validation_node,4.523047607808814e-05
model_validation_node,1.4695063052402314e-07
FILE_2024-02-14 16.25 08%20-%20RASTA-PLP-representations.aird.hepsy,0.00023571839245016137
