node,total_emissions
generate_query_node,4.391358584203322e-08
cache_context_node,5.356314791489574e-08
model_generation_node,5.8520827347527784e-08
model_validation_node,1.2414802161031803e-07
FILE_2024-02-14 14.50 03%20-%20RT%20App%20Paper-representations.aird.hepsy,0.00011321262312782397
