node,total_emissions
generate_query_node,4.1172227016752276e-08
cache_context_node,5.69653203435806e-08
model_generation_node,3.035223875979025e-05
model_validation_node,1.911483057294873e-07
FILE_2024-02-14 15.52 07%20-%20Roberts-representations.aird.hepsy,0.0001445154575216509
