node,total_emissions
generate_query_node,3.750650009118552e-08
cache_context_node,1.176068364115923e-07
model_generation_node,1.4042421249441807e-07
model_validation_node,1.3878433650918264e-07
FILE_2024-02-14 14.40 02%20-%20RT%20App-representations.aird.hepsy,0.0001131085371149397
