node,total_emissions
generate_query_node,6.010460973972513e-08
cache_context_node,1.1225286543446883e-07
model_generation_node,1.005043760959536e-07
model_validation_node,2.674550692966912e-07
FILE_2024-02-14 15.04 04%20-%20RT%20App%20Paper%202-representations.aird.hepsy,0.00011251393097371965
