node,total_emissions
generate_query_node,4.0578576884188206e-08
cache_context_node,9.506311320601916e-08
model_generation_node,4.628269557060612e-08
model_validation_node,1.428381394107802e-07
FILE_2024-02-14 17.46 10%20-%20JPEG_encoder-representations.aird.hepsy,0.00011306865750206513
