node,execution_time
wrapper,5.0067384243011475
wrapper,5.0676209926605225
wrapper,5.279601097106934
wrapper,5.111396789550781
FILE_2024-02-14 14.40 02%20-%20RT%20App-representations.aird.hepsy,25.47941493988037
