node,execution_time
wrapper,5.101077079772949
wrapper,5.0432448387146
wrapper,10.033205270767212
wrapper,5.16871452331543
FILE_2024-02-14 15.51 06%20-%20Sobel-representations.aird.hepsy,30.304769039154053
