node,execution_time
wrapper,4.964883804321289
wrapper,5.150112152099609
wrapper,10.415765285491943
wrapper,9.844629287719727
wrapper,11.679353952407837
wrapper,13.947071075439453
wrapper,5.109647989273071
wrapper,5.150383949279785
wrapper,5.0652101039886475
wrapper,5.079915285110474
FILE_2024-02-14 17.00 09%20-%20Susan-representations.aird.hepsy,81.44775128364563
