node,execution_time
wrapper,5.018578052520752
wrapper,5.055896759033203
wrapper,10.300466775894165
wrapper,5.001832008361816
FILE_2024-02-13 16.44 00%20-%20DigitalCam%20Nominal-representations.aird.hepsy,30.506409168243408
