node,execution_time
wrapper,5.155984401702881
wrapper,5.0874693393707275
wrapper,5.056873083114624
wrapper,5.119114637374878
FILE_2024-02-14 14.50 03%20-%20RT%20App%20Paper-representations.aird.hepsy,25.501635551452637
