node,execution_time
wrapper,5.04964804649353
wrapper,5.3475964069366455
wrapper,10.142940998077393
wrapper,9.949934720993042
wrapper,11.034440755844116
wrapper,13.996614694595337
wrapper,5.064676284790039
wrapper,10.188470602035522
wrapper,13.460955381393433
wrapper,5.070523023605347
FILE_2024-02-14 18.30 13%20-%20FIRFIRGCD_HPV-representations.aird.hepsy,94.33808779716492
