node,execution_time
wrapper,5.124878406524658
wrapper,5.164066553115845
wrapper,11.680408954620361
wrapper,10.392061710357666
wrapper,12.62689733505249
wrapper,10.241825819015503
wrapper,5.071205139160156
wrapper,5.0465874671936035
wrapper,10.541746377944946
wrapper,5.157632827758789
FILE_2024-02-14 18.17 12%20-%20FIRFIRGCD_ext-representations.aird.hepsy,86.09624552726746
