node,execution_time
wrapper,4.9994730949401855
wrapper,5.091830492019653
wrapper,10.726625204086304
wrapper,9.796781539916992
wrapper,12.723231315612793
wrapper,17.371772527694702
wrapper,5.114509344100952
wrapper,5.288553237915039
wrapper,5.069929361343384
wrapper,5.011399269104004
FILE_2024-02-14 15.40 05%20-%20Hepsy%20Example-representations.aird.hepsy,86.21740651130676
