node,execution_time
wrapper,5.020684719085693
wrapper,5.134722948074341
wrapper,14.148526191711426
wrapper,13.190712451934814
wrapper,5.078146934509277
FILE_2024-02-14 16.25 08%20-%20RASTA-PLP-representations.aird.hepsy,47.610748052597046
