node,execution_time
wrapper,5.037756681442261
wrapper,5.078499794006348
wrapper,5.129351615905762
wrapper,5.080255746841431
FILE_2024-02-14 15.04 04%20-%20RT%20App%20Paper%202-representations.aird.hepsy,25.33202600479126
