node,execution_time
wrapper,5.445803880691528
wrapper,5.094749212265015
wrapper,10.660091876983643
wrapper,5.037671327590942
FILE_2024-02-14 15.52 07%20-%20Roberts-representations.aird.hepsy,31.218262195587158
