node,execution_time
wrapper,5.337434768676758
wrapper,5.442902326583862
wrapper,10.865524768829346
wrapper,13.275586366653442
wrapper,14.785321474075317
wrapper,12.09589958190918
wrapper,5.1571290493011475
wrapper,11.027271747589111
wrapper,11.457366704940796
wrapper,4.953474998474121
FILE_2024-02-13 17.34 01%20-%20FIRFIRGCD-representations.aird.hepsy,99.42855381965637
