node,execution_time
wrapper,5.039219856262207
wrapper,5.033642292022705
wrapper,18.455421447753906
wrapper,23.16603708267212
wrapper,19.788075923919678
wrapper,18.682128190994263
wrapper,5.203227281570435
wrapper,19.270144939422607
wrapper,18.167548179626465
wrapper,5.114181041717529
FILE_2024-02-13 16.59 00%20-%20DigitalCam%20Parallel-representations.aird.hepsy,142.9739692211151
