node,execution_time
wrapper,5.124417781829834
wrapper,5.122939586639404
wrapper,12.11739993095398
wrapper,5.136728286743164
FILE_2024-02-14 17.58 11%20-%20JPEG%20Reduced-representations.aird.hepsy,32.50457453727722
