node,execution_time
wrapper,5.123422384262085
wrapper,5.117398023605347
wrapper,5.062907457351685
wrapper,5.114551782608032
FILE_2024-02-14 17.46 10%20-%20JPEG_encoder-representations.aird.hepsy,25.577799797058105
