total_emissions,node
2.4246464323771786e-07,generate_query_node
1.4760154637487478e-07,cache_context_node
5.351634002525779e-05,model_generation_node
2.470017541424533e-07,model_validation_node
0.0001694274782097585,FILE_ex00_writer0001.bpmn
