total_emissions,node
1.669675067952059e-07,generate_query_node
6.924553145297627e-08,cache_context_node
6.323839805807095e-08,model_generation_node
1.0320030762186443e-07,model_validation_node
0.0001149215574291438,FILE_ex08_writer0000.bpmn
