file_name,total_emissions
ex00_writer0001.bpmn,0.00011236053810724704
ex01_writer0001.bpmn,0.00011119797985736399
ex02_writer0001.bpmn,0.00011211491698639837
ex03_writer0001.bpmn,0.00011242776893001015
ex04_writer0008.bpmn,0.00011136897672261432
ex05_writer0013.bpmn,0.00011270822932509938
ex07_writer0000.bpmn,0.00011589087777642556
ex08_writer0000.bpmn,0.00011266455056586065
ex09_writer0002.bpmn,0.00011244816863537921
ex10_writer0000.bpmn,0.00011421690968345315
TOTAL_APP,0.0014076062436110806
