total_emissions,node
4.80361483504694e-08,generate_query_node
7.373284491218094e-07,cache_context_node
0.00012749544532740525,model_generation_node
2.8018754130730175e-07,model_validation_node
0.00025113141411863574,FILE_ex04_writer0008.bpmn
