node,execution_time
wrapper,5.268769979476929
wrapper,5.139086961746216
wrapper,48.694955825805664
wrapper,45.77826452255249
wrapper,70.39302229881287
wrapper,5.449108839035034
FILE_ex07_writer0000.bpmn,185.85701155662537
