node,execution_time
wrapper,5.1185219287872314
wrapper,5.066465139389038
wrapper,5.044078350067139
wrapper,5.148362636566162
FILE_ex03_writer0001.bpmn,25.4319748878479
