node,execution_time
wrapper,5.550827264785767
wrapper,5.127300024032593
wrapper,5.065738916397095
wrapper,5.037087440490723
FILE_ex08_writer0000.bpmn,25.82668447494507
