node,execution_time
wrapper,5.01724910736084
wrapper,6.476836204528809
wrapper,28.829478979110718
wrapper,5.274786710739136
FILE_ex04_writer0008.bpmn,50.6772894859314
