total_emissions,node
4.906940898051784e-08,generate_query_node
5.999675141174425e-08,cache_context_node
5.490645099964719e-08,model_generation_node
1.26127598139223e-07,model_validation_node
0.00011023624263566958,FILE_ex07_writer0000.bpmn
