total_emissions,node
1.0206969836312583e-07,generate_query_node
3.940721979126859e-08,cache_context_node
4.808819742505967e-08,model_generation_node
1.885869024155701e-07,model_validation_node
0.00011027049576261701,FILE_ex02_writer0001.bpmn
