file_name,total_emissions
ex00_writer0001.bpmn,0.00011091082015883488
ex01_writer0001.bpmn,0.00011095111498465719
ex02_writer0001.bpmn,0.00011001350037988379
ex03_writer0001.bpmn,0.00011033447282610161
ex04_writer0008.bpmn,0.00010927681560342567
ex05_writer0013.bpmn,0.0001088424497460489
ex07_writer0000.bpmn,0.00011023624263566958
ex08_writer0000.bpmn,0.001394606052688163
ex09_writer0002.bpmn,0.0005330603841261743
ex10_writer0000.bpmn,0.0004247657172128835
TOTAL_APP,0.003397528442147166
