total_emissions,node
4.5581028131914964e-08,generate_query_node
5.6785936169929555e-08,cache_context_node
0.00015849199553757845,model_generation_node
2.717441058455888e-07,model_validation_node
0.00027285048506635735,FILE_ex04_writer0008.bpmn
