node,execution_time
wrapper,4.97066330909729
wrapper,4.949191093444824
wrapper,81.11419105529785
wrapper,4.996614694595337
FILE_ex09_writer0002.bpmn,100.91900539398193
