file_name,execution_time
ex00_writer0001.bpmn,24.893901348114014
ex01_writer0001.bpmn,24.939603328704834
ex02_writer0001.bpmn,24.729158878326416
ex03_writer0001.bpmn,24.8434100151062
ex04_writer0008.bpmn,24.637644290924072
ex05_writer0013.bpmn,24.465541124343872
ex07_writer0000.bpmn,24.697017431259155
ex08_writer0000.bpmn,256.217791557312
ex09_writer0002.bpmn,100.91900539398193
ex10_writer0000.bpmn,81.38302445411682
TOTAL_APP,612.2073369026184
