node,execution_time
wrapper,5.214629650115967
wrapper,5.123621225357056
wrapper,32.919790267944336
wrapper,43.48907256126404
wrapper,48.07959985733032
wrapper,4.960961580276489
wrapper,5.073909759521484
wrapper,4.90877103805542
wrapper,4.953343868255615
wrapper,4.938398838043213
FILE_ex03_writer0001.bpmn,164.67515015602112
