node,execution_time
wrapper,4.960386514663696
wrapper,4.941019773483276
wrapper,4.941487550735474
wrapper,5.029918193817139
FILE_ex02_writer0001.bpmn,24.901187419891357
