node,execution_time
wrapper,5.178773880004883
wrapper,5.15631365776062
wrapper,42.89173173904419
wrapper,68.37736654281616
wrapper,49.03259038925171
wrapper,63.30756330490112
wrapper,4.9208831787109375
wrapper,5.143161296844482
wrapper,5.330947637557983
wrapper,5.04044246673584
FILE_ex05_writer0013.bpmn,259.41533613204956
