node,execution_time
wrapper,4.899519205093384
wrapper,4.896299600601196
wrapper,14.550281524658203
wrapper,62.00480532646179
wrapper,48.51281523704529
wrapper,96.33607697486877
wrapper,5.140073537826538
wrapper,5.031682968139648
wrapper,4.997844219207764
wrapper,4.9634199142456055
FILE_ex08_writer0000.bpmn,256.217791557312
