node,execution_time
wrapper,5.041819095611572
wrapper,4.932526588439941
wrapper,4.921404838562012
wrapper,4.955689191818237
FILE_ex07_writer0000.bpmn,24.697017431259155
