node,execution_time
wrapper,4.892443418502808
wrapper,4.986618757247925
wrapper,29.271204471588135
wrapper,4.9974753856658936
FILE_ex00_writer0001.bpmn,49.00970816612244
