node,execution_time
wrapper,5.050828695297241
wrapper,5.02139687538147
wrapper,17.930103302001953
wrapper,5.253340721130371
FILE_ex01_writer0001.bpmn,38.32961297035217
