node,execution_time
wrapper,5.312812566757202
wrapper,5.079956293106079
wrapper,33.5793616771698
wrapper,5.20969033241272
FILE_ex04_writer0008.bpmn,54.1330943107605
