node,execution_time
wrapper,5.01480770111084
wrapper,4.94925332069397
wrapper,61.510993242263794
wrapper,5.013465166091919
FILE_ex10_writer0000.bpmn,81.38302445411682
