total_emissions,file_name
0.008840890436913853,ex00_writer0001.bpmn
0.0037848218810333876,ex01_writer0001.bpmn
0.010815217451339806,ex02_writer0001.bpmn
0.007641689230992124,ex03_writer0001.bpmn
0.005938262103172511,ex04_writer0008.bpmn
0.012614101110047475,ex05_writer0013.bpmn
0.004616759013015797,ex07_writer0000.bpmn
0.01320633824312937,ex08_writer0000.bpmn
0.00552121465722278,ex09_writer0002.bpmn
0.00935115385197615,ex10_writer0000.bpmn
0.08562156887309784,TOTAL_APP
