file_name,total_emissions
test-rag.hepsy,0.0027064061889939205
TOTAL_APP,0.0028206347067985535
