node,execution_time
wrapper,4.933889627456665
wrapper,9.89801812171936
wrapper,6.736143589019775
wrapper,26.587890625
wrapper,6.32195782661438
wrapper,8.227060794830322
wrapper,7.793057203292847
wrapper,13.85436725616455
wrapper,6.608971357345581
wrapper,8.324831485748291
wrapper,7.15509295463562
wrapper,7.679530143737793
FILE_test-rag.hepsy,115.55179333686829
