file_name,execution_time
test-rag.hepsy,115.55179333686829
TOTAL_APP,115.58072566986084
