total_emissions,node
6.543186809005868e-08,generate_query_node
1.3309090501458774e-07,cache_context_node
0.00019480083306401547,model_generation_node
1.7910242763787343e-07,model_validation_node
0.00030817666953739353,FILE_ex00_writer0001.bpmn
