total_emissions,node
6.839414275949574e-08,generate_query_node
1.54950362771653e-07,cache_context_node
4.7932037418063306e-08,model_generation_node
3.14826071083322e-07,model_validation_node
0.00014022844323495666,FILE_ex09_writer0002.bpmn
