node,execution_time
wrapper,8.561598300933838
wrapper,5.594670295715332
wrapper,30.63185429573059
wrapper,5.325353145599365
FILE_ex05_writer0013.bpmn,55.985207080841064
