total_emissions,node
5.292647641694322e-08,generate_query_from_metamodel
0.0003522154419175986,generate_query_node
4.145195471073269e-07,retrieve
0.00019813150311053318,grade_documents
8.892544247584959e-05,grade_generation_v_documents_and_question
0.00010554186323346664,evaluate_rag_output
0.0002547112089041603,evaluate_bert_score
0.000891719729981935,cache_context_node
0.004788531348619901,FILE_test-rag.hepsy
