total_emissions,file_name
0.004788531348619901,test-rag.hepsy
0.005138145532714807,TOTAL_APP
