node,execution_time
wrapper,5.133578777313232
wrapper,10.51591944694519
wrapper,5.356502532958984
wrapper,8.232203006744385
wrapper,6.454184532165527
wrapper,6.754223823547363
wrapper,9.070436477661133
wrapper,18.45158815383911
FILE_test-rag.hepsy,75.85144972801208
