node,execution_time
wrapper,4.946365118026733
wrapper,5.094105243682861
wrapper,59.339258909225464
wrapper,43.13446760177612
wrapper,56.77373671531677
wrapper,52.582690954208374
wrapper,5.02937650680542
wrapper,5.1306235790252686
wrapper,5.034165143966675
wrapper,5.070362091064453
FILE_ex05_writer0013.bpmn,247.1166069507599
