node,execution_time
wrapper,5.1149303913116455
wrapper,5.361236095428467
wrapper,98.64011240005493
wrapper,64.58818769454956
wrapper,89.04580593109131
wrapper,5.099153757095337
wrapper,5.193723201751709
wrapper,5.208261966705322
wrapper,5.348263263702393
wrapper,5.178644895553589
FILE_ex03_writer0001.bpmn,293.98035073280334
