file_name,total_emissions
test-rag.hepsy,0.004229791461472171
TOTAL_APP,0.004335501515383962
