node,execution_time
wrapper,5.0500733852386475
wrapper,10.22763967514038
wrapper,6.82232403755188
wrapper,26.20489478111267
wrapper,6.022700309753418
wrapper,6.600919246673584
wrapper,8.208312034606934
wrapper,15.10145092010498
wrapper,6.776219129562378
wrapper,6.459891319274902
wrapper,13.538403511047363
wrapper,22.962063550949097
wrapper,6.294900894165039
wrapper,7.285853147506714
wrapper,7.391044616699219
wrapper,20.91517686843872
FILE_test-rag.hepsy,177.18255639076233
