total_emissions,file_name
0.012853404359138324,test-rag.hepsy
0.013194886013679252,TOTAL_APP
