node,execution_time
wrapper,5.115218877792358
wrapper,10.26816201210022
wrapper,5.219108581542969
wrapper,26.403504848480225
wrapper,6.7756125926971436
wrapper,13.44132947921753
wrapper,8.735520124435425
wrapper,55.87318444252014
FILE_test-rag.hepsy,197.1057004928589
