total_emissions,node
5.546173777534862e-08,generate_query_node
8.175348685847794e-08,cache_context_node
0.004608230511035265,model_generation_node
2.464733200973229e-07,model_validation_node
0.005938262103172511,FILE_ex04_writer0008.bpmn
