file_name,execution_time
ex00_writer0001.bpmn,142.29685354232788
ex01_writer0001.bpmn,63.74610090255737
ex02_writer0001.bpmn,172.79485321044922
ex03_writer0001.bpmn,123.15474128723145
ex04_writer0008.bpmn,96.36264896392822
ex05_writer0013.bpmn,199.9548056125641
ex07_writer0000.bpmn,75.6211519241333
ex08_writer0000.bpmn,207.00236439704895
ex09_writer0002.bpmn,88.8594720363617
ex10_writer0000.bpmn,148.87315487861633
TOTAL_APP,1319.318339586258
