node,execution_time
wrapper,5.17898964881897
wrapper,5.211413383483887
wrapper,51.71452236175537
wrapper,52.18933606147766
wrapper,61.813167095184326
wrapper,5.207767009735107
wrapper,5.09170126914978
wrapper,5.087984800338745
wrapper,5.183672666549683
wrapper,5.212947607040405
FILE_ex08_writer0000.bpmn,207.00236439704895
