total_emissions,node
3.204120179923262e-07,generate_query_node
9.963321892846488e-08,cache_context_node
0.0001773857387130446,model_generation_node
2.1025088703234868e-05,model_validation_node
0.003624984407572259,FILE_2024-02-13 16.44 00%20-%20DigitalCam%20Nominal-representations.aird.hepsy
