node,execution_time
wrapper,14.163769483566284
wrapper,10.558305025100708
wrapper,37.35611915588379
wrapper,17.550245761871338
FILE_2024-02-14 17.58 11%20-%20JPEG%20Reduced-representations.aird.hepsy,91.01710510253906
