node,execution_time
wrapper,8.3684401512146
wrapper,13.350591659545898
wrapper,61.63544988632202
wrapper,34.02069592475891
wrapper,7.914002418518066
FILE_2024-02-14 15.52 07%20-%20Roberts-representations.aird.hepsy,131.79268383979797
