node,execution_time
wrapper,5.959044694900513
wrapper,5.5646374225616455
wrapper,16.77909255027771
wrapper,6.118732929229736
FILE_2024-02-14 15.40 05%20-%20Hepsy%20Example-representations.aird.hepsy,40.05063843727112
