total_emissions,node
7.794333629945364e-08,generate_query_node
1.5586883330695167e-07,cache_context_node
0.00029755804450347514,model_generation_node
2.0580569154462374e-07,model_validation_node
0.0004091701837702382,FILE_ex01_writer0001.bpmn
