total_emissions,file_name
0.0009004438404374504,ex04_writer0008.bpmn
0.0011575796625201494,ex05_writer0013.bpmn
0.0013125611383604208,ex07_writer0000.bpmn
0.001098484490560185,ex08_writer0000.bpmn
0.0017250298953026021,ex09_writer0002.bpmn
0.0010329862158070973,ex10_writer0000.bpmn
0.00739750425987478,TOTAL_APP
