total_emissions,node
7.013372044692125e-08,generate_query_node
9.196572257719536e-08,cache_context_node
0.0005434989550401825,model_generation_node
0.00047377535365719165,model_validation_node
2.9812524554328624e-07,model_validation_node
0.0011575796625201494,FILE_ex05_writer0013.bpmn
