node,execution_time
wrapper,5.182744026184082
wrapper,5.013766527175903
wrapper,29.358612060546875
wrapper,30.407822370529175
wrapper,37.52503538131714
wrapper,28.696178197860718
wrapper,5.042635202407837
wrapper,5.043019771575928
wrapper,5.297673463821411
wrapper,5.2302961349487305
FILE_ex00_writer0001.bpmn,161.76452016830444
