node,execution_time
wrapper,4.944782733917236
wrapper,4.9914350509643555
wrapper,33.8339056968689
wrapper,30.231739282608032
wrapper,33.19441628456116
wrapper,35.14153838157654
wrapper,4.999831199645996
wrapper,5.018112421035767
wrapper,4.945831060409546
wrapper,4.965368747711182
FILE_ex04_writer0008.bpmn,167.21835613250732
