node,execution_time
wrapper,5.160023927688599
wrapper,5.047596454620361
wrapper,38.38497185707092
wrapper,39.281126976013184
wrapper,45.981454849243164
wrapper,44.03275442123413
wrapper,4.963992357254028
wrapper,5.05780553817749
wrapper,4.988259553909302
wrapper,5.071357250213623
FILE_ex08_writer0000.bpmn,203.20404481887817
