node,execution_time
wrapper,4.9744789600372314
wrapper,4.970407962799072
wrapper,52.20841860771179
wrapper,49.87963128089905
wrapper,49.509541749954224
wrapper,49.118732929229736
wrapper,5.058054447174072
wrapper,5.03795862197876
wrapper,4.943963050842285
wrapper,5.040897369384766
FILE_ex02_writer0001.bpmn,235.68833827972412
