node,execution_time
wrapper,4.949168682098389
wrapper,4.989959001541138
wrapper,49.383161783218384
wrapper,52.60365056991577
wrapper,109.33845043182373
wrapper,69.35563349723816
wrapper,5.066637277603149
wrapper,5.053271293640137
wrapper,5.006994247436523
wrapper,5.321473836898804
FILE_ex09_writer0002.bpmn,316.12749695777893
