node,execution_time
wrapper,5.027001142501831
wrapper,5.139174461364746
wrapper,151.53967690467834
wrapper,158.18237257003784
wrapper,159.95168614387512
wrapper,267.7589771747589
wrapper,4.9500977993011475
wrapper,4.94602632522583
wrapper,5.043351411819458
wrapper,4.959659576416016
FILE_ex03_writer0001.bpmn,772.4470193386078
