node,execution_time
wrapper,5.160412549972534
wrapper,4.974107980728149
wrapper,38.03119993209839
wrapper,34.96810269355774
wrapper,37.00162744522095
wrapper,46.14182925224304
wrapper,4.958886384963989
wrapper,4.944051504135132
wrapper,5.022060394287109
wrapper,4.973405122756958
FILE_ex10_writer0000.bpmn,191.2966604232788
