node,execution_time
wrapper,4.97487735748291
wrapper,4.934382915496826
wrapper,103.11537599563599
wrapper,90.58986377716064
wrapper,5.05787992477417
FILE_ex05_writer0013.bpmn,213.72197484970093
