file_name,execution_time
ex04_writer0008.bpmn,167.21835613250732
ex05_writer0013.bpmn,213.72197484970093
ex07_writer0000.bpmn,241.78361868858337
ex08_writer0000.bpmn,203.20404481887817
ex09_writer0002.bpmn,316.12749695777893
ex10_writer0000.bpmn,191.2966604232788
TOTAL_APP,1333.6950352191925
