node,execution_time
wrapper,5.040037631988525
wrapper,5.091918706893921
wrapper,50.610981464385986
wrapper,50.25105047225952
wrapper,62.22508215904236
wrapper,42.74723482131958
wrapper,5.0821449756622314
wrapper,5.2814061641693115
wrapper,5.1163434982299805
wrapper,5.318010568618774
FILE_ex07_writer0000.bpmn,241.78361868858337
