node,execution_time
wrapper,5.0379297733306885
wrapper,5.041990041732788
wrapper,58.63898730278015
wrapper,4.939379692077637
FILE_ex01_writer0001.bpmn,78.68995785713196
