total_emissions,file_name
0.00037825106566198336,ex02_writer0001.bpmn
0.000983226879367399,ex03_writer0001.bpmn
0.00020597921934560666,ex04_writer0008.bpmn
0.00025233240915730317,ex05_writer0013.bpmn
0.0007038137186673716,ex07_writer0000.bpmn
0.0008201051797463257,ex08_writer0000.bpmn
0.0003011495282743929,ex09_writer0002.bpmn
0.00021418143695482996,ex10_writer0000.bpmn
0.004082889901590023,TOTAL_APP
