node,execution_time
wrapper,4.924751043319702
wrapper,4.938246011734009
wrapper,22.178435802459717
wrapper,5.068530321121216
FILE_ex04_writer0008.bpmn,41.99505639076233
