node,execution_time
wrapper,4.995619297027588
wrapper,4.998759508132935
wrapper,30.200775146484375
wrapper,5.375810146331787
FILE_ex05_writer0013.bpmn,50.643526554107666
