file_name,execution_time
ex02_writer0001.bpmn,73.19738626480103
ex03_writer0001.bpmn,182.48960089683533
ex04_writer0008.bpmn,41.99505639076233
ex05_writer0013.bpmn,50.643526554107666
ex07_writer0000.bpmn,132.11744689941406
ex08_writer0000.bpmn,152.8566586971283
ex09_writer0002.bpmn,59.45396161079407
ex10_writer0000.bpmn,43.572770833969116
TOTAL_APP,736.9087791442871
