node,execution_time
wrapper,5.006626605987549
wrapper,5.201721906661987
wrapper,20.07298970222473
wrapper,19.127685546875
wrapper,4.985208511352539
FILE_ex09_writer0002.bpmn,59.45396161079407
