node,execution_time
wrapper,4.9446539878845215
wrapper,4.96051549911499
wrapper,53.323466300964355
wrapper,5.080416202545166
FILE_ex02_writer0001.bpmn,73.19738626480103
