file_name,total_emissions
test-rag.hepsy,0.004264005509262347
TOTAL_APP,0.004381205331593743
