node,execution_time
wrapper,4.7825706005096436
wrapper,9.60211730003357
wrapper,4.89725136756897
wrapper,29.6590096950531
wrapper,6.125086069107056
wrapper,8.686582326889038
wrapper,8.968801021575928
wrapper,51.16700029373169
FILE_test-rag.hepsy,163.6625678539276
