node,execution_time
wrapper,5.124072074890137
wrapper,5.171724796295166
wrapper,63.830878019332886
wrapper,53.211337089538574
wrapper,56.098121643066406
wrapper,60.27694654464722
wrapper,5.014999866485596
wrapper,5.030487775802612
wrapper,5.0530078411102295
wrapper,5.099843502044678
FILE_ex02_writer0001.bpmn,268.9412853717804
