node,execution_time
wrapper,5.110512733459473
wrapper,5.053999662399292
wrapper,52.67507004737854
wrapper,47.66680455207825
wrapper,48.26877999305725
wrapper,5.022439479827881
FILE_ex08_writer0000.bpmn,168.7512083053589
