total_emissions,node
2.2598969275233368e-07,generate_query_node
1.6587047808185528e-07,cache_context_node
0.00010105878600209046,model_generation_node
8.311105906849097e-07,model_validation_node
0.000222146356291179,FILE_ex09_writer0002.bpmn
