node,execution_time
wrapper,5.495603799819946
wrapper,6.325297594070435
wrapper,27.152169704437256
wrapper,9.344025373458862
FILE_ex00_writer0001.bpmn,55.88776659965515
