node,execution_time
wrapper,5.112325191497803
wrapper,5.180619955062866
wrapper,24.47043013572693
wrapper,5.554807186126709
FILE_ex04_writer0008.bpmn,46.35731267929077
