total_emissions,file_name
0.011001306782239584,test-rag.hepsy
0.01137951688984576,TOTAL_APP
