file_name,execution_time
test-rag.hepsy,169.69266080856323
TOTAL_APP,169.74275398254395
