node,execution_time
wrapper,5.177664279937744
wrapper,10.316572427749634
wrapper,5.185790538787842
wrapper,9.347391128540039
wrapper,6.827695846557617
wrapper,8.011671304702759
wrapper,5.2806236743927
wrapper,10.090760946273804
wrapper,6.74585485458374
wrapper,11.252699613571167
wrapper,11.976399898529053
wrapper,27.895679473876953
FILE_test-rag.hepsy,169.69266080856323
