file_name,total_emissions
test-rag.hepsy,0.0034365842035416665
TOTAL_APP,0.003665126917319819
