node,execution_time
wrapper,5.00156569480896
wrapper,9.928223609924316
wrapper,6.874516248703003
wrapper,18.62293791770935
wrapper,5.9812304973602295
wrapper,7.198148965835571
wrapper,7.502352714538574
wrapper,12.60806393623352
FILE_test-rag.hepsy,75.05136251449585
