node,execution_time
wrapper,5.164474964141846
wrapper,5.375475168228149
wrapper,10.58927321434021
wrapper,10.84915280342102
wrapper,9.583439350128174
wrapper,9.810734748840332
wrapper,5.097066402435303
wrapper,5.119944334030151
wrapper,6.001439809799194
wrapper,5.400291919708252
FILE_2024-02-14 15.40 05%20-%20Hepsy%20Example-representations.aird.hepsy,78.09142231941223
