node,execution_time
wrapper,5.595699071884155
wrapper,5.634949445724487
wrapper,12.155858755111694
wrapper,5.596949338912964
FILE_2024-02-14 17.58 11%20-%20JPEG%20Reduced-representations.aird.hepsy,34.26709032058716
