file_name,total_emissions
test-rag.hepsy,0.002213583009138678
TOTAL_APP,0.002307449034912446
