node,execution_time
wrapper,5.113447189331055
wrapper,10.041261672973633
wrapper,6.455632209777832
wrapper,11.98234486579895
wrapper,8.42198395729065
wrapper,7.386071681976318
wrapper,10.072654724121094
wrapper,15.779313087463379
wrapper,5.900429964065552
wrapper,6.252690076828003
wrapper,7.307739734649658
wrapper,9.712122201919556
FILE_test-rag.hepsy,105.05704164505005
