file_name,execution_time
test-rag.hepsy,105.05704164505005
TOTAL_APP,105.09004187583923
