node,execution_time
wrapper,5.044051647186279
wrapper,5.050307035446167
wrapper,58.511927366256714
wrapper,50.450034856796265
wrapper,52.12646842002869
wrapper,52.46288800239563
wrapper,5.232127904891968
wrapper,5.081261873245239
wrapper,5.019202709197998
wrapper,5.007098197937012
FILE_ex05_writer0013.bpmn,249.0415599346161
