node,execution_time
wrapper,5.023443937301636
wrapper,4.968878507614136
wrapper,33.046032667160034
wrapper,5.217090606689453
FILE_ex07_writer0000.bpmn,53.264331579208374
