node,execution_time
wrapper,5.046741962432861
wrapper,5.078258991241455
wrapper,37.36366605758667
wrapper,5.122815370559692
FILE_ex01_writer0001.bpmn,57.54955434799194
