node,execution_time
wrapper,8.816913604736328
wrapper,5.386821031570435
wrapper,25.432289123535156
wrapper,5.684950828552246
FILE_2024-02-14 17.46 10%20-%20JPEG_encoder-representations.aird.hepsy,51.487910985946655
