node,execution_time
wrapper,5.599064350128174
wrapper,5.61525821685791
wrapper,30.20016646385193
wrapper,34.82884955406189
wrapper,34.632319688797
wrapper,37.73435926437378
wrapper,5.55887246131897
wrapper,35.335768938064575
wrapper,34.61736726760864
wrapper,5.873970031738281
FILE_2024-02-13 16.59 00%20-%20DigitalCam%20Parallel-representations.aird.hepsy,235.86330270767212
