node,execution_time
wrapper,5.517857074737549
wrapper,5.2800514698028564
wrapper,28.15039825439453
wrapper,5.225070238113403
FILE_2024-02-14 15.51 06%20-%20Sobel-representations.aird.hepsy,49.87360906600952
