node,execution_time
wrapper,5.220012426376343
wrapper,5.2357165813446045
wrapper,30.161041975021362
wrapper,25.470951080322266
wrapper,23.270670652389526
wrapper,27.29861807823181
wrapper,5.334012031555176
wrapper,24.770894765853882
wrapper,33.044246196746826
wrapper,5.591401100158691
FILE_2024-02-14 15.04 04%20-%20RT%20App%20Paper%202-representations.aird.hepsy,190.70478224754333
