node,execution_time
wrapper,6.705529689788818
wrapper,5.720055103302002
wrapper,5.546740531921387
wrapper,6.2612080574035645
FILE_2024-02-14 15.52 07%20-%20Roberts-representations.aird.hepsy,30.9747896194458
