node,execution_time
wrapper,9.443620204925537
wrapper,5.481857776641846
wrapper,6.4019081592559814
wrapper,7.53508448600769
FILE_2024-02-14 17.58 11%20-%20JPEG%20Reduced-representations.aird.hepsy,34.285300493240356
