node,execution_time
wrapper,5.509791135787964
wrapper,5.334313631057739
wrapper,24.924796104431152
wrapper,18.434261083602905
wrapper,18.960636138916016
wrapper,20.120068073272705
wrapper,6.266395807266235
wrapper,39.60202097892761
wrapper,28.436208248138428
wrapper,5.428610801696777
FILE_2024-02-13 17.34 01%20-%20FIRFIRGCD-representations.aird.hepsy,178.63838386535645
