node,execution_time
wrapper,7.150033235549927
wrapper,5.236752986907959
wrapper,28.542630434036255
wrapper,6.326867580413818
FILE_2024-02-14 18.17 12%20-%20FIRFIRGCD_ext-representations.aird.hepsy,52.77295637130737
