node,execution_time
wrapper,6.142654180526733
wrapper,5.922264337539673
wrapper,30.88925838470459
wrapper,36.91949152946472
wrapper,30.54132080078125
wrapper,23.87150549888611
wrapper,6.801645278930664
wrapper,20.062977075576782
wrapper,28.296155214309692
wrapper,6.663272380828857
FILE_2024-02-14 18.30 13%20-%20FIRFIRGCD_HPV-representations.aird.hepsy,203.66232228279114
