total_emissions,file_name
0.0003455747519927084,ex08_writer0000.bpmn
0.0007198435015938692,ex09_writer0002.bpmn
0.0009696841167296387,ex10_writer0000.bpmn
0.0021201207854001,TOTAL_APP
