node,total_emissions
generate_query_node,1.0189527694546937e-07
cache_context_node,5.302907808735825e-08
model_generation_node,0.0005235004812559987
model_validation_node,4.4190861481672565e-08
FILE_2024-02-14 17.00 09%20-%20Susan-representations.aird.hepsy,0.0010974329802435202
