node,total_emissions
generate_query_node,5.797831582198481e-08
cache_context_node,5.5267488673898795e-08
model_generation_node,0.0006126014759370975
model_validation_node,4.980280237086842e-08
FILE_2024-02-13 17.34 01%20-%20FIRFIRGCD-representations.aird.hepsy,0.001201967368866022
