node,total_emissions
generate_query_node,4.9535780269016384e-08
cache_context_node,5.561166026517062e-08
model_generation_node,0.0006441916097365566
model_validation_node,5.045978633055767e-08
FILE_2024-02-14 15.40 05%20-%20Hepsy%20Example-representations.aird.hepsy,0.001254559468028731
