node,total_emissions
generate_query_node,5.205605074071696e-08
cache_context_node,5.1800837961666184e-08
model_generation_node,0.0006544662732525774
model_validation_node,5.331506374713019e-08
FILE_2024-02-14 14.50 03%20-%20RT%20App%20Paper-representations.aird.hepsy,0.0012304026744655691
