node,total_emissions
generate_query_node,1.6085174319118837e-07
cache_context_node,5.270110341515316e-08
model_generation_node,0.0004943100195865912
model_validation_node,5.185121194562769e-08
FILE_2024-02-14 17.58 11%20-%20JPEG%20Reduced-representations.aird.hepsy,0.0011352035909771737
