node,total_emissions
generate_query_node,6.177351109521607e-08
cache_context_node,5.983205584840808e-08
model_generation_node,0.0006082312184920736
model_validation_node,4.915624641751174e-08
FILE_2024-02-14 15.52 07%20-%20Roberts-representations.aird.hepsy,0.001232742101667555
