node,execution_time
wrapper,4.906280755996704
wrapper,4.915550470352173
wrapper,32.2060182094574
wrapper,4.882484436035156
FILE_2024-02-14 17.46 10%20-%20JPEG_encoder-representations.aird.hepsy,51.84005331993103
