node,execution_time
wrapper,4.910516738891602
wrapper,4.880843877792358
wrapper,28.448097229003906
wrapper,4.903705835342407
FILE_2024-02-14 15.04 04%20-%20RT%20App%20Paper%202-representations.aird.hepsy,47.979387283325195
