node,execution_time
wrapper,4.945551156997681
wrapper,4.90177583694458
wrapper,19.260772228240967
wrapper,4.915449619293213
FILE_2024-02-14 18.17 12%20-%20FIRFIRGCD_ext-representations.aird.hepsy,38.90630531311035
