node,execution_time
wrapper,4.904547929763794
wrapper,5.036809206008911
wrapper,21.101762771606445
wrapper,4.886733055114746
FILE_2024-02-14 17.00 09%20-%20Susan-representations.aird.hepsy,40.79406380653381
