node,execution_time
wrapper,4.895126104354858
wrapper,4.876370429992676
wrapper,22.495500802993774
wrapper,4.8983683586120605
FILE_2024-02-14 15.52 07%20-%20Roberts-representations.aird.hepsy,42.02649521827698
