node,execution_time
wrapper,5.00331449508667
wrapper,4.891528129577637
wrapper,22.529101610183716
wrapper,4.941038608551025
FILE_2024-02-14 16.25 08%20-%20RASTA-PLP-representations.aird.hepsy,42.20837926864624
