node,execution_time
wrapper,4.858461618423462
wrapper,4.892534971237183
wrapper,24.089892864227295
wrapper,4.941331624984741
FILE_2024-02-14 15.40 05%20-%20Hepsy%20Example-representations.aird.hepsy,43.70229125022888
