node,execution_time
wrapper,4.892520189285278
wrapper,9.824743270874023
wrapper,5.1098408699035645
wrapper,26.524923086166382
wrapper,5.94053840637207
wrapper,7.987123727798462
wrapper,8.001289367675781
wrapper,41.19699311256409
wrapper,30.71048641204834
wrapper,4.966094255447388
FILE_2024-02-13 16.44 00%20-%20DigitalCam%20Nominal-representations.aird.hepsy,180.0433189868927
