node,execution_time
wrapper,5.091981410980225
wrapper,5.082011461257935
wrapper,20.538498878479004
wrapper,5.270060300827026
FILE_2024-02-14 17.58 11%20-%20JPEG%20Reduced-representations.aird.hepsy,40.88140559196472
