node,execution_time
wrapper,4.935032606124878
wrapper,4.903921604156494
wrapper,10.25814700126648
wrapper,8.786277055740356
wrapper,13.06748914718628
wrapper,4.911896228790283
FILE_2024-02-14 15.40 05%20-%20Hepsy%20Example-representations.aird.hepsy,51.73528814315796
