node,execution_time
wrapper,4.9051690101623535
wrapper,4.933598756790161
wrapper,10.2686607837677
wrapper,5.03406286239624
FILE_2024-02-14 15.51 06%20-%20Sobel-representations.aird.hepsy,30.101929664611816
