total_emissions,node
4.4285243655962005e-08,generate_query_node
9.8688608272966e-08,cache_context_node
0.00010256738680586063,model_generation_node
1.5842699003992713e-07,model_validation_node
0.00021418143695482996,FILE_ex10_writer0000.bpmn
