node,total_emissions
generate_query_node,5.3240265157405774e-08
cache_context_node,4.600653831400729e-08
model_generation_node,4.35659033591464e-05
model_validation_node,2.8239592560156103e-05
model_validation_node,8.594115240796419e-05
model_validation_node,1.459062286292665e-07
FILE_2024-02-14 15.52 07%20-%20Roberts-representations.aird.hepsy,0.0003238908536049138
