total_emissions,node
1.6858957327126668e-07,generate_query_node
6.527513751961701e-08,cache_context_node
0.0008656723830908162,model_generation_node
0.00044878272890092914,model_validation_node
2.163110705253054e-07,model_validation_node
0.003010376538609316,FILE_2024-02-13 17.34 01%20-%20FIRFIRGCD-representations.aird.hepsy
