total_emissions,node
1.1467033911410283e-07,generate_query_node
5.536804692219532e-08,cache_context_node
0.0005764502387708812,model_generation_node
6.3171073038197695e-06,model_validation_node
0.0019306715725528635,FILE_2024-02-14 17.46 10%20-%20JPEG_encoder-representations.aird.hepsy
