node,execution_time
wrapper,5.202378034591675
wrapper,5.308262586593628
wrapper,14.645506858825684
wrapper,5.15887188911438
FILE_2024-02-13 16.44 00%20-%20DigitalCam%20Nominal-representations.aird.hepsy,35.35599970817566
