total_emissions,file_name
0.017762162054048115,test-rag.hepsy
0.01812279038299115,TOTAL_APP
