node,execution_time
wrapper,5.191455841064453
wrapper,10.357494831085205
wrapper,5.331813335418701
wrapper,19.936333894729614
wrapper,6.60480809211731
wrapper,8.324405431747437
wrapper,5.207257270812988
wrapper,9.665496826171875
wrapper,6.73772120475769
wrapper,7.970580339431763
wrapper,5.185982942581177
wrapper,9.440203666687012
wrapper,6.932056903839111
wrapper,7.471987247467041
wrapper,8.342623233795166
wrapper,44.355530977249146
FILE_test-rag.hepsy,269.3936302661896
