total_emissions,node
5.8827263663709765e-06,generate_query_node
5.5360206347279565e-08,cache_context_node
0.000998994321434233,model_generation_node
1.287343585102579e-07,model_validation_node
0.002260991725042937,FILE_2024-02-14 17.58 11%20-%20JPEG%20Reduced-representations.aird.hepsy
