node,execution_time
wrapper,4.946416854858398
wrapper,4.990914821624756
wrapper,17.934823751449585
wrapper,17.516857385635376
wrapper,18.02773118019104
wrapper,21.239975452423096
wrapper,4.964449644088745
wrapper,4.9815452098846436
wrapper,17.254955530166626
wrapper,4.979653358459473
FILE_2024-02-14 15.52 07%20-%20Roberts-representations.aird.hepsy,121.76987361907959
