node,execution_time
wrapper,4.972001791000366
wrapper,4.980675220489502
wrapper,23.543471574783325
wrapper,23.02184748649597
wrapper,43.27655076980591
wrapper,5.057123422622681
FILE_2024-02-14 14.50 03%20-%20RT%20App%20Paper-representations.aird.hepsy,109.78718304634094
