node,execution_time
wrapper,5.089981317520142
wrapper,5.0609447956085205
wrapper,19.090984344482422
wrapper,5.0372772216796875
FILE_2024-02-14 16.25 08%20-%20RASTA-PLP-representations.aird.hepsy,39.18374681472778
