node,execution_time
wrapper,5.000755786895752
wrapper,9.985670804977417
wrapper,5.030390501022339
wrapper,19.1069438457489
wrapper,5.9051313400268555
wrapper,7.086803436279297
wrapper,7.937335252761841
wrapper,42.498995304107666
wrapper,25.034409046173096
wrapper,21.187387943267822
wrapper,4.976816654205322
FILE_2024-02-13 16.44 00%20-%20DigitalCam%20Nominal-representations.aird.hepsy,220.70200371742249
