node,execution_time
wrapper,4.969503164291382
wrapper,5.102762937545776
wrapper,18.93682312965393
wrapper,20.376168727874756
wrapper,21.908966302871704
wrapper,22.401851892471313
wrapper,5.166985034942627
wrapper,19.699538707733154
wrapper,21.277451276779175
wrapper,5.0536158084869385
FILE_2024-02-14 18.30 13%20-%20FIRFIRGCD_HPV-representations.aird.hepsy,149.87309646606445
