total_emissions,node
6.209510387481305e-08,generate_query_node
1.1266521418613744e-07,cache_context_node
0.0006562740109783375,model_generation_node
2.711594687832309e-07,model_validation_node
0.0019984222379385735,FILE_2024-02-14 17.58 11%20-%20JPEG%20Reduced-representations.aird.hepsy
