node,execution_time
wrapper,5.3380348682403564
wrapper,5.227503538131714
wrapper,18.286184787750244
wrapper,11.924752235412598
wrapper,5.22802472114563
FILE_2024-02-13 17.34 01%20-%20FIRFIRGCD-representations.aird.hepsy,51.19369101524353
