node,execution_time
wrapper,5.187491416931152
wrapper,5.132658004760742
wrapper,15.09332799911499
wrapper,5.170977830886841
FILE_2024-02-14 17.58 11%20-%20JPEG%20Reduced-representations.aird.hepsy,35.5309157371521
