node,execution_time
wrapper,5.201518297195435
wrapper,5.081211805343628
wrapper,10.451092958450317
wrapper,9.441941022872925
wrapper,27.68058729171753
wrapper,10.583253860473633
wrapper,5.182508230209351
wrapper,5.0977277755737305
wrapper,30.038612127304077
wrapper,5.414331912994385
FILE_2024-02-14 16.25 08%20-%20RASTA-PLP-representations.aird.hepsy,119.43499779701233
