file_name,total_emissions
test-rag.hepsy,0.017157473004658533
TOTAL_APP,0.017350056027101754
