node,total_emissions
generate_query_node,4.6629140445036654e-08
cache_context_node,4.090521183230981e-08
model_generation_node,6.227658089259933e-08
model_validation_node,6.912422534842801e-08
FILE_2024-02-14 14.40 02%20-%20RT%20App-representations.aird.hepsy,0.00010961258569228466
