node,total_emissions
generate_query_node,5.7794044514452345e-08
cache_context_node,4.448292068154718e-08
model_generation_node,4.3031212238701584e-05
model_validation_node,3.6872529353172396e-05
model_validation_node,4.018523438328504e-05
model_validation_node,1.789103478169107e-07
FILE_2024-02-14 17.58 11%20-%20JPEG%20Reduced-representations.aird.hepsy,0.00028861387112784625
