node,total_emissions
generate_query_node,6.308621965554725e-08
cache_context_node,4.411013006634861e-08
model_generation_node,3.384008919636616e-05
model_validation_node,1.1812474252093184e-07
FILE_2024-02-14 18.17 12%20-%20FIRFIRGCD_ext-representations.aird.hepsy,0.00014728067677731722
