node,total_emissions
generate_query_node,5.829374337213008e-08
cache_context_node,4.18957447923448e-08
model_generation_node,3.900316248776061e-05
model_validation_node,1.226627521273769e-07
FILE_2024-02-13 17.34 01%20-%20FIRFIRGCD-representations.aird.hepsy,0.00014951463777768888
