node,execution_time
wrapper,4.913057804107666
wrapper,4.925088405609131
wrapper,15.738858699798584
wrapper,4.954982757568359
FILE_2024-02-14 15.51 06%20-%20Sobel-representations.aird.hepsy,35.43430280685425
