node,execution_time
wrapper,4.9863505363464355
wrapper,5.014744758605957
wrapper,10.898148775100708
wrapper,5.297429800033569
FILE_2024-02-14 17.46 10%20-%20JPEG_encoder-representations.aird.hepsy,31.12137770652771
