node,execution_time
wrapper,4.985260248184204
wrapper,5.083400249481201
wrapper,11.936825037002563
wrapper,4.958509922027588
FILE_2024-02-13 17.34 01%20-%20FIRFIRGCD-representations.aird.hepsy,31.83160710334778
