node,execution_time
wrapper,4.980809450149536
wrapper,4.9516706466674805
wrapper,4.916954278945923
wrapper,4.930773019790649
FILE_2024-02-14 14.40 02%20-%20RT%20App-representations.aird.hepsy,24.656367540359497
