node,execution_time
wrapper,5.068985223770142
wrapper,5.019385814666748
wrapper,11.421590328216553
wrapper,5.023846626281738
FILE_2024-02-14 18.30 13%20-%20FIRFIRGCD_HPV-representations.aird.hepsy,31.42460608482361
