node,execution_time
wrapper,5.413930416107178
wrapper,5.058675289154053
wrapper,11.111348867416382
wrapper,5.0078442096710205
FILE_2024-02-14 18.17 12%20-%20FIRFIRGCD_ext-representations.aird.hepsy,31.530645847320557
