node,execution_time
wrapper,4.946712255477905
wrapper,5.131474733352661
wrapper,9.895240068435669
wrapper,14.282447576522827
wrapper,5.208907604217529
FILE_2024-02-13 16.44 00%20-%20DigitalCam%20Nominal-representations.aird.hepsy,44.440083503723145
