node,execution_time
wrapper,5.10419774055481
wrapper,5.265230655670166
wrapper,27.189656734466553
wrapper,20.860986471176147
wrapper,22.550121545791626
wrapper,21.099300146102905
wrapper,5.06238579750061
wrapper,25.861298084259033
wrapper,21.716781616210938
wrapper,5.197037220001221
FILE_2024-02-13 17.34 01%20-%20FIRFIRGCD-representations.aird.hepsy,165.03807091712952
