node,execution_time
wrapper,6.354736804962158
wrapper,5.614286422729492
wrapper,27.086167335510254
wrapper,28.45475935935974
wrapper,20.51820206642151
wrapper,22.654492616653442
wrapper,5.601967811584473
wrapper,25.64715075492859
wrapper,30.438544034957886
wrapper,5.285802841186523
FILE_2024-02-14 18.30 13%20-%20FIRFIRGCD_HPV-representations.aird.hepsy,184.47359251976013
