node,execution_time
wrapper,5.422195672988892
wrapper,5.221579074859619
wrapper,25.27284598350525
wrapper,5.215895652770996
FILE_2024-02-14 17.58 11%20-%20JPEG%20Reduced-representations.aird.hepsy,48.80926299095154
