node,execution_time
wrapper,5.442787408828735
wrapper,7.894482851028442
wrapper,50.17264175415039
wrapper,67.82196402549744
wrapper,7.088354110717773
wrapper,5.787587642669678
wrapper,6.345922470092773
wrapper,5.553540229797363
wrapper,5.367549657821655
wrapper,6.0472729206085205
FILE_ex04_writer0008.bpmn,173.30842208862305
