node,execution_time
wrapper,6.075155735015869
wrapper,8.937737941741943
wrapper,58.596344232559204
wrapper,57.02255916595459
wrapper,54.74798655509949
wrapper,5.446830987930298
wrapper,7.584727048873901
wrapper,5.597899675369263
wrapper,5.869122505187988
wrapper,5.435060024261475
FILE_ex07_writer0000.bpmn,221.23929476737976
