node,execution_time
wrapper,6.3900299072265625
wrapper,5.711602210998535
wrapper,47.41666769981384
wrapper,7.35399603843689
FILE_ex00_writer0001.bpmn,72.91797041893005
