file_name,total_emissions
test-rag.hepsy,0.0024670818114374085
TOTAL_APP,0.0027123586260801697
