node,execution_time
wrapper,5.029428243637085
wrapper,10.075863361358643
wrapper,7.040166616439819
wrapper,9.658223867416382
wrapper,5.734383583068848
wrapper,6.177609443664551
wrapper,7.468034744262695
wrapper,7.360969543457031
FILE_test-rag.hepsy,58.97818446159363
