file_name,total_emissions
ex05_writer0013.bpmn,0.0013372767828009557
ex07_writer0000.bpmn,0.0010343310387915488
ex08_writer0000.bpmn,0.0014905415780504952
ex09_writer0002.bpmn,0.0016801213831264734
ex10_writer0000.bpmn,0.001747472894326312
TOTAL_APP,0.007432867565813808
