node,execution_time
wrapper,5.063366651535034
wrapper,5.008918762207031
wrapper,61.85029697418213
wrapper,51.68974852561951
wrapper,55.56950664520264
wrapper,70.12498021125793
wrapper,5.07454514503479
wrapper,5.300992012023926
wrapper,5.198058366775513
wrapper,5.150613307952881
FILE_ex08_writer0000.bpmn,274.95364451408386
