node,execution_time
wrapper,5.130000352859497
wrapper,5.134919881820679
wrapper,56.122538566589355
wrapper,89.13134741783142
wrapper,68.21912479400635
wrapper,58.86858940124512
wrapper,5.353244066238403
wrapper,5.82480263710022
wrapper,5.528571128845215
wrapper,5.3408660888671875
FILE_ex09_writer0002.bpmn,309.74817872047424
