node,execution_time
wrapper,5.07559871673584
wrapper,5.285411596298218
wrapper,83.91444802284241
wrapper,44.60745048522949
wrapper,49.32876539230347
wrapper,5.078700542449951
wrapper,6.23827862739563
wrapper,5.315968036651611
wrapper,5.284007787704468
wrapper,5.178987503051758
FILE_ex04_writer0008.bpmn,220.3361005783081
