node,execution_time
wrapper,5.413987159729004
wrapper,5.052569389343262
wrapper,28.313292026519775
wrapper,5.1008875370025635
FILE_ex01_writer0001.bpmn,49.03698492050171
