node,execution_time
wrapper,5.083409309387207
wrapper,5.020988702774048
wrapper,14.98682427406311
wrapper,12.332974672317505
wrapper,9.802980422973633
wrapper,9.373861312866211
wrapper,5.121342658996582
wrapper,4.978801250457764
wrapper,9.204264163970947
wrapper,5.0145604610443115
FILE_2024-02-14 16.25 08%20-%20RASTA-PLP-representations.aird.hepsy,85.97363352775574
