node,total_emissions
generate_query_node,3.486088677121448e-08
cache_context_node,6.24699773817008e-08
model_generation_node,2.8979001060333687e-05
model_validation_node,2.9119499546652194e-07
FILE_2024-02-14 15.51 06%20-%20Sobel-representations.aird.hepsy,0.00013940645607946666
