node,total_emissions
generate_query_node,4.944575627936934e-08
cache_context_node,5.668859903441021e-08
model_generation_node,2.964735722962332e-05
model_validation_node,2.1028996624161354e-05
model_validation_node,4.527206159248028e-05
model_validation_node,1.5980098088391848e-07
FILE_2024-02-14 15.40 05%20-%20Hepsy%20Example-representations.aird.hepsy,0.00025976385212020403
