node,total_emissions
generate_query_node,4.322788541799348e-08
cache_context_node,1.152790583894545e-07
model_generation_node,5.7552993541345245e-05
model_validation_node,5.926022728289714e-05
model_validation_node,1.8156846023672927e-07
FILE_2024-02-14 15.04 04%20-%20RT%20App%20Paper%202-representations.aird.hepsy,0.0002537935125451624
