node,execution_time
wrapper,5.001061677932739
wrapper,5.300520896911621
wrapper,19.071547508239746
wrapper,15.573220014572144
wrapper,11.153078556060791
wrapper,11.65251111984253
wrapper,5.008848190307617
wrapper,5.035638093948364
wrapper,4.9744062423706055
wrapper,4.9880006313323975
FILE_2024-02-14 18.17 12%20-%20FIRFIRGCD_ext-representations.aird.hepsy,92.72519207000732
