node,execution_time
wrapper,4.985551595687866
wrapper,4.887089014053345
wrapper,11.039385318756104
wrapper,10.596800327301025
wrapper,10.470227241516113
wrapper,14.962636947631836
wrapper,5.033022165298462
wrapper,4.935076475143433
wrapper,4.943930387496948
wrapper,5.046626806259155
FILE_2024-02-14 15.52 07%20-%20Roberts-representations.aird.hepsy,81.82323622703552
