node,execution_time
wrapper,4.94168496131897
wrapper,4.899319410324097
wrapper,10.50271463394165
wrapper,11.164882898330688
wrapper,11.433342218399048
wrapper,10.207001686096191
wrapper,5.100833415985107
wrapper,10.466437816619873
wrapper,10.672203540802002
wrapper,4.910772800445557
FILE_2024-02-14 17.00 09%20-%20Susan-representations.aird.hepsy,89.2967140674591
