node,execution_time
wrapper,4.916633129119873
wrapper,4.924035310745239
wrapper,10.59610652923584
wrapper,12.130457162857056
wrapper,10.786689758300781
wrapper,13.766642808914185
wrapper,5.004483699798584
wrapper,12.321735620498657
wrapper,11.89288854598999
wrapper,4.972428560256958
FILE_2024-02-13 17.34 01%20-%20FIRFIRGCD-representations.aird.hepsy,96.22226786613464
