node,execution_time
wrapper,4.938187837600708
wrapper,4.937744855880737
wrapper,12.736940145492554
wrapper,17.302153825759888
wrapper,12.360491514205933
wrapper,15.392921686172485
wrapper,4.9670350551605225
wrapper,10.034363985061646
wrapper,4.93065619468689
FILE_2024-02-14 14.50 03%20-%20RT%20App%20Paper-representations.aird.hepsy,92.5195300579071
