node,execution_time
wrapper,4.9459779262542725
wrapper,4.92164158821106
wrapper,15.410765409469604
wrapper,15.659130573272705
wrapper,4.913469314575195
FILE_2024-02-14 15.04 04%20-%20RT%20App%20Paper%202-representations.aird.hepsy,50.746535539627075
