node,execution_time
wrapper,4.914444208145142
wrapper,4.968785762786865
wrapper,18.106582641601562
wrapper,19.707895040512085
wrapper,20.86279034614563
wrapper,18.106542348861694
wrapper,5.135420799255371
wrapper,31.085238695144653
wrapper,30.866060495376587
wrapper,5.084386825561523
FILE_2024-02-13 16.59 00%20-%20DigitalCam%20Parallel-representations.aird.hepsy,163.78922748565674
