total_emissions,file_name
0.004254417188432328,ex00_writer0001.bpmn
0.004115253841309216,ex01_writer0001.bpmn
0.004955322988638869,ex02_writer0001.bpmn
0.02077294386039501,ex03_writer0001.bpmn
0.006558447428537826,ex04_writer0008.bpmn
0.008447158568109348,ex05_writer0013.bpmn
0.0221787685751042,ex07_writer0000.bpmn
0.007470743310894014,ex08_writer0000.bpmn
0.021862406045700774,ex09_writer0002.bpmn
0.027218245473313633,ex10_writer0000.bpmn
0.1402064357870927,TOTAL_APP
