node,execution_time
wrapper,16.760817527770996
wrapper,17.192902326583862
wrapper,18.61533761024475
wrapper,19.583763599395752
FILE_ex02_writer0001.bpmn,88.39828872680664
