node,execution_time
wrapper,16.54270029067993
wrapper,15.572413444519043
wrapper,32.2854368686676
wrapper,30.084049224853516
wrapper,14.252264976501465
FILE_ex08_writer0000.bpmn,119.96241188049316
