file_name,total_emissions
test-rag.hepsy,0.001876579508249879
TOTAL_APP,0.002050881145334148
