total_emissions,node
4.633560883505788e-08,generate_query_from_metamodel
0.00016646406383568837,generate_query_node
0.00011520238422027476,web_search
0.00014563184572403677,generate_web
4.076258290982878e-05,grade_generation_v_documents_and_question
2.39762674613199e-05,evaluate_web_search_output
7.565445019169969e-05,evaluate_web_bert_score
9.741129566487245e-05,cache_context_node
0.001876579508249879,FILE_test-rag.hepsy
