node,execution_time
wrapper,4.924042701721191
wrapper,9.998521089553833
wrapper,8.439632654190063
wrapper,9.28023624420166
wrapper,6.129371404647827
wrapper,5.78528904914856
wrapper,7.366235971450806
wrapper,7.903799295425415
FILE_test-rag.hepsy,60.69501328468323
