total_emissions,node
1.095614842794932e-07,generate_query_node
6.385843109033677e-06,cache_context_node
0.0012055494405822434,model_generation_node
5.905420091534311e-06,model_validation_node
0.002451249722353795,FILE_2024-02-14 18.17 12%20-%20FIRFIRGCD_ext-representations.aird.hepsy
