node,execution_time
wrapper,5.057754755020142
wrapper,4.978109836578369
wrapper,19.380295515060425
wrapper,5.067147731781006
FILE_2024-02-14 15.52 07%20-%20Roberts-representations.aird.hepsy,39.4501268863678
