node,execution_time
wrapper,5.085781574249268
wrapper,5.383358716964722
wrapper,19.01421880722046
wrapper,38.68844294548035
wrapper,5.058751106262207
FILE_2024-02-14 18.30 13%20-%20FIRFIRGCD_HPV-representations.aird.hepsy,78.19706130027771
