node,execution_time
wrapper,5.136549234390259
wrapper,5.142528295516968
wrapper,20.224517345428467
wrapper,27.483840465545654
wrapper,5.155822515487671
FILE_2024-02-14 15.40 05%20-%20Hepsy%20Example-representations.aird.hepsy,68.18628072738647
