node,execution_time
wrapper,4.952939033508301
wrapper,4.992637872695923
wrapper,26.561172485351562
wrapper,39.712406158447266
wrapper,38.26432466506958
wrapper,5.0685625076293945
FILE_2024-02-13 16.59 00%20-%20DigitalCam%20Parallel-representations.aird.hepsy,124.4663314819336
