node,execution_time
wrapper,5.12219500541687
wrapper,4.989854335784912
wrapper,20.96691656112671
wrapper,21.41053557395935
wrapper,24.79075264930725
wrapper,26.881883144378662
wrapper,5.108673810958862
wrapper,5.06950569152832
wrapper,21.481807947158813
wrapper,5.339370965957642
FILE_2024-02-14 15.04 04%20-%20RT%20App%20Paper%202-representations.aird.hepsy,146.20200872421265
