node,execution_time
wrapper,5.032139301300049
wrapper,5.018240928649902
wrapper,17.652032613754272
wrapper,20.955353021621704
wrapper,19.566559076309204
wrapper,20.363157987594604
wrapper,4.984463453292847
wrapper,18.286226272583008
wrapper,20.820998191833496
wrapper,5.092935085296631
FILE_2024-02-14 14.50 03%20-%20RT%20App%20Paper-representations.aird.hepsy,142.7525770664215
