node,execution_time
wrapper,5.0541346073150635
wrapper,5.283785820007324
wrapper,25.64851951599121
wrapper,5.07902455329895
FILE_2024-02-14 17.58 11%20-%20JPEG%20Reduced-representations.aird.hepsy,46.05988788604736
