node,execution_time
wrapper,5.126270294189453
wrapper,5.031861782073975
wrapper,20.747297048568726
wrapper,19.76083493232727
wrapper,5.060490131378174
FILE_2024-02-14 17.46 10%20-%20JPEG_encoder-representations.aird.hepsy,60.75922989845276
