total_emissions,node
5.20346037205983e-08,generate_query_from_metamodel
0.00020748005153515438,generate_query_node
9.75838687250889e-05,web_search
0.0004366127412308696,generate_web
2.852762463231176e-05,grade_generation_v_documents_and_question
4.991399391953099e-05,evaluate_web_search_output
0.00011623540283484126,evaluate_web_bert_score
0.0003330855297054424,cache_context_node
0.0028137321790070863,FILE_test-rag.hepsy
