file_name,total_emissions
test-rag.hepsy,0.0028137321790070863
TOTAL_APP,0.00301087363268991
