node,execution_time
wrapper,4.985807180404663
wrapper,9.960573673248291
wrapper,7.373983383178711
wrapper,14.395553350448608
wrapper,5.483641862869263
wrapper,6.19624924659729
wrapper,7.629109144210815
wrapper,12.239301681518555
FILE_test-rag.hepsy,69.07341361045837
