total_emissions,node
5.493170812535013e-08,generate_query_node
6.220332457299114e-06,cache_context_node
6.792632881363143e-08,model_generation_node
1.5478157187241892e-07,model_validation_node
0.0012648012637945193,FILE_2024-02-14 14.40 02%20-%20RT%20App-representations.aird.hepsy
