total_emissions,node
4.86972832560783e-08,generate_query_node
4.7510073938002294e-08,cache_context_node
0.0010295119662668438,model_generation_node
1.3078476989245488e-07,model_validation_node
0.0022812597708339265,FILE_2024-02-14 17.46 10%20-%20JPEG_encoder-representations.aird.hepsy
