node,execution_time
wrapper,4.990066289901733
wrapper,4.991419315338135
wrapper,27.231818914413452
wrapper,28.36875057220459
wrapper,5.116824626922607
FILE_2024-02-14 15.51 06%20-%20Sobel-representations.aird.hepsy,75.70367193222046
