node,execution_time
wrapper,5.012136936187744
wrapper,4.960071802139282
wrapper,23.182633638381958
wrapper,5.119117975234985
FILE_2024-02-14 15.04 04%20-%20RT%20App%20Paper%202-representations.aird.hepsy,43.29749393463135
