node,execution_time
wrapper,5.0736565589904785
wrapper,4.946088552474976
wrapper,27.581302881240845
wrapper,22.75949740409851
wrapper,26.751163721084595
wrapper,34.33024716377258
wrapper,5.056013584136963
wrapper,18.960469961166382
wrapper,28.224733591079712
wrapper,5.012160062789917
FILE_2024-02-14 14.50 03%20-%20RT%20App%20Paper-representations.aird.hepsy,183.70239758491516
