node,execution_time
wrapper,5.099973201751709
wrapper,4.991019248962402
wrapper,23.694413900375366
wrapper,19.284984588623047
wrapper,4.956087112426758
FILE_2024-02-13 16.44 00%20-%20DigitalCam%20Nominal-representations.aird.hepsy,63.00876474380493
