node,execution_time
wrapper,5.325878143310547
wrapper,5.165145397186279
wrapper,5.0238823890686035
wrapper,5.070026636123657
FILE_ex10_writer0000.bpmn,25.60279893875122
