node,execution_time
wrapper,5.34808611869812
wrapper,5.072458505630493
wrapper,31.72505521774292
wrapper,5.11696195602417
FILE_ex01_writer0001.bpmn,52.4645299911499
