node,total_emissions
generate_query_node,3.132995994484593e-07
cache_context_node,6.254860603074985e-05
model_generation_node,0.0011368030971909068
model_validation_node,0.001032934046252944
model_validation_node,0.0010295024439644354
model_validation_node,1.7267494157081127e-07
FILE_2024-02-14 17.58 11%20-%20JPEG%20Reduced-representations.aird.hepsy,0.005725545996522074
