node,total_emissions
generate_query_node,1.6261034628726385e-07
cache_context_node,2.1302152751644562e-05
model_generation_node,0.00134582633098616
model_validation_node,7.092745098860087e-06
FILE_2024-02-14 17.46 10%20-%20JPEG_encoder-representations.aird.hepsy,0.00428785659006526
