node,total_emissions
generate_query_node,3.736678085521869e-08
cache_context_node,1.4494073210244422e-07
model_generation_node,0.0016546819433805337
model_validation_node,0.0015691501311811914
model_validation_node,6.534753244525543e-06
FILE_2024-02-14 15.51 06%20-%20Sobel-representations.aird.hepsy,0.0050620959951742425
