node,execution_time
wrapper,5.210770845413208
wrapper,6.08551549911499
wrapper,28.189927577972412
wrapper,23.96562695503235
wrapper,27.481960773468018
wrapper,22.89500379562378
wrapper,5.263861179351807
wrapper,24.10754084587097
wrapper,23.546785354614258
wrapper,6.38421106338501
FILE_2024-02-14 15.04 04%20-%20RT%20App%20Paper%202-representations.aird.hepsy,178.29521465301514
