node,execution_time
wrapper,6.246264696121216
wrapper,5.30462121963501
wrapper,22.698529720306396
wrapper,5.7540483474731445
FILE_2024-02-13 16.44 00%20-%20DigitalCam%20Nominal-representations.aird.hepsy,45.913915157318115
