node,execution_time
wrapper,5.447924852371216
wrapper,5.719855070114136
wrapper,5.238286733627319
wrapper,24.90717840194702
wrapper,23.801964282989502
wrapper,22.49889349937439
wrapper,5.053382873535156
wrapper,18.06244444847107
wrapper,20.174436330795288
wrapper,5.5481250286102295
FILE_2024-02-14 14.40 02%20-%20RT%20App-representations.aird.hepsy,141.67209482192993
