node,execution_time
wrapper,5.064963340759277
wrapper,5.425425291061401
wrapper,22.589561462402344
wrapper,5.084538221359253
FILE_2024-02-14 15.52 07%20-%20Roberts-representations.aird.hepsy,43.36739993095398
