node,execution_time
wrapper,5.2961814403533936
wrapper,5.274496793746948
wrapper,29.729761838912964
wrapper,28.321433782577515
wrapper,5.568306922912598
FILE_2024-02-14 15.51 06%20-%20Sobel-representations.aird.hepsy,79.25398874282837
