node,execution_time
wrapper,5.459472894668579
wrapper,5.510494709014893
wrapper,23.75637698173523
wrapper,23.990708589553833
wrapper,23.147947311401367
wrapper,24.19206476211548
wrapper,5.102593183517456
wrapper,23.256112337112427
wrapper,24.254591464996338
wrapper,5.075688123703003
FILE_2024-02-14 16.25 08%20-%20RASTA-PLP-representations.aird.hepsy,168.75655817985535
