file_name,total_emissions
test-rag.hepsy,0.002927639120660864
TOTAL_APP,0.0031437859754896783
