node,execution_time
wrapper,4.925451993942261
wrapper,10.01748538017273
wrapper,6.616910934448242
wrapper,17.32463026046753
wrapper,5.803736448287964
wrapper,7.002394199371338
wrapper,7.64641809463501
wrapper,14.948068618774414
FILE_test-rag.hepsy,75.36637783050537
