node,total_emissions
generate_query_node,6.292445853973423e-08
cache_context_node,7.173374883974683e-08
model_generation_node,3.537107520692231e-05
model_validation_node,2.776644909512287e-07
FILE_2024-02-14 15.51 06%20-%20Sobel-representations.aird.hepsy,0.00014645924714203846
