node,execution_time
wrapper,4.966332197189331
wrapper,4.948962211608887
wrapper,19.06069803237915
wrapper,13.076271772384644
wrapper,14.214625358581543
wrapper,14.116063833236694
wrapper,4.974629640579224
wrapper,4.9794535636901855
wrapper,4.954901933670044
wrapper,4.918750524520874
FILE_2024-02-13 16.44 00%20-%20DigitalCam%20Nominal-representations.aird.hepsy,95.27290439605713
