node,execution_time
wrapper,4.961328506469727
wrapper,5.032700538635254
wrapper,14.637526988983154
wrapper,5.0001208782196045
FILE_2024-02-14 17.46 10%20-%20JPEG_encoder-representations.aird.hepsy,34.54434823989868
