node,execution_time
wrapper,5.068891286849976
wrapper,5.029325723648071
wrapper,43.87768244743347
wrapper,27.008512496948242
wrapper,41.88897371292114
wrapper,4.991888761520386
wrapper,4.997645854949951
wrapper,5.003417491912842
wrapper,5.01383113861084
wrapper,4.995185613632202
FILE_ex08_writer0000.bpmn,152.8566586971283
