node,execution_time
wrapper,5.026853799819946
wrapper,5.003384590148926
wrapper,23.603593587875366
wrapper,5.02133584022522
FILE_ex10_writer0000.bpmn,43.572770833969116
