node,execution_time
wrapper,4.893130779266357
wrapper,4.96833062171936
wrapper,78.58512783050537
wrapper,59.009198904037476
wrapper,4.994953870773315
wrapper,5.007692813873291
wrapper,5.011052846908569
wrapper,5.053678274154663
wrapper,5.038784980773926
wrapper,5.009385347366333
FILE_ex03_writer0001.bpmn,182.48960089683533
