node,execution_time
wrapper,5.000930070877075
wrapper,5.047587156295776
wrapper,43.446982860565186
wrapper,26.211973190307617
wrapper,22.12903666496277
wrapper,5.036403179168701
wrapper,4.970327377319336
wrapper,5.033154010772705
wrapper,5.021101474761963
wrapper,5.204331398010254
FILE_ex07_writer0000.bpmn,132.11744689941406
