node,execution_time
wrapper,4.96895170211792
wrapper,4.914453744888306
wrapper,25.311407327651978
wrapper,4.902529239654541
FILE_ex00_writer0001.bpmn,44.9894073009491
