total_emissions,node
2.2119313602217247e-07,generate_query_node
5.676780040238224e-07,cache_context_node
0.0001032726241924272,model_generation_node
1.6633304312293885e-07,model_validation_node
0.0002564952004068415,FILE_ex00_writer0001.bpmn
