total_emissions,node
8.773036153199632e-08,generate_query_node
1.5315050544168782e-07,cache_context_node
0.00012306335353368973,model_generation_node
2.831927261784145e-07,model_validation_node
0.0002480296542847348,FILE_ex08_writer0000.bpmn
