node,execution_time
wrapper,5.823659896850586
wrapper,5.194185733795166
wrapper,5.150071382522583
wrapper,5.559145212173462
FILE_ex03_writer0001.bpmn,27.69310164451599
