node,execution_time
wrapper,4.991195440292358
wrapper,4.942632436752319
wrapper,21.26130247116089
wrapper,21.380190134048462
wrapper,20.794753789901733
wrapper,19.7351815700531
wrapper,5.030954599380493
wrapper,21.80919313430786
wrapper,19.713194608688354
wrapper,4.956534147262573
FILE_2024-02-14 16.25 08%20-%20RASTA-PLP-representations.aird.hepsy,149.57814168930054
