node,execution_time
wrapper,4.90464973449707
wrapper,4.951087713241577
wrapper,26.57651114463806
wrapper,5.098695516586304
FILE_2024-02-14 15.51 06%20-%20Sobel-representations.aird.hepsy,46.47025728225708
