node,execution_time
wrapper,4.9141316413879395
wrapper,4.952106237411499
wrapper,18.684661149978638
wrapper,18.184895277023315
wrapper,5.049849033355713
FILE_2024-02-14 15.40 05%20-%20Hepsy%20Example-representations.aird.hepsy,56.743998289108276
