node,execution_time
wrapper,4.9219651222229
wrapper,5.007964849472046
wrapper,29.535284996032715
wrapper,24.311928033828735
wrapper,24.738936185836792
wrapper,29.214167833328247
wrapper,5.00725793838501
wrapper,5.08630633354187
wrapper,5.00526237487793
wrapper,4.97414231300354
FILE_2024-02-14 18.17 12%20-%20FIRFIRGCD_ext-representations.aird.hepsy,142.75397276878357
