node,execution_time
wrapper,4.9642112255096436
wrapper,4.949660301208496
wrapper,23.650354623794556
wrapper,4.97780179977417
FILE_2024-02-14 15.52 07%20-%20Roberts-representations.aird.hepsy,43.53341722488403
