node,execution_time
wrapper,4.948873519897461
wrapper,4.9375035762786865
wrapper,4.967007637023926
wrapper,4.9676525592803955
FILE_2024-02-13 17.34 01%20-%20FIRFIRGCD-representations.aird.hepsy,24.726284980773926
