total_emissions,node
6.7010640884551145e-06,generate_query_node
7.67270892855395e-08,cache_context_node
0.0008998098572616761,model_generation_node
0.00039050100488847365,model_validation_node
1.4018440803655207e-07,model_validation_node
0.003065451155686876,FILE_2024-02-14 17.00 09%20-%20Susan-representations.aird.hepsy
