node,execution_time
wrapper,5.1419713497161865
wrapper,5.114602327346802
wrapper,12.45508337020874
wrapper,11.64247727394104
wrapper,12.49065899848938
wrapper,12.893134593963623
wrapper,5.154970169067383
wrapper,11.61086368560791
wrapper,11.675418138504028
wrapper,5.191840171813965
FILE_2024-02-14 15.04 04%20-%20RT%20App%20Paper%202-representations.aird.hepsy,98.5604259967804
