node,execution_time
wrapper,5.093228340148926
wrapper,5.320392608642578
wrapper,14.002453327178955
wrapper,5.174560785293579
FILE_2024-02-14 17.46 10%20-%20JPEG_encoder-representations.aird.hepsy,34.70256280899048
