node,total_emissions
generate_query_node,6.434751258519165e-06
cache_context_node,6.233646820122875e-06
model_generation_node,0.0011833434293939515
model_validation_node,6.551077660881462e-06
FILE_2024-02-14 15.52 07%20-%20Roberts-representations.aird.hepsy,0.0025996174214785728
