node,total_emissions
generate_query_node,2.3497895688999512e-07
cache_context_node,4.222907550070693e-08
model_generation_node,0.0007841203085310636
model_validation_node,0.0007549311579867624
model_validation_node,6.034628015025275e-06
FILE_2024-02-14 15.40 05%20-%20Hepsy%20Example-representations.aird.hepsy,0.0033648302993004708
