node,execution_time
wrapper,5.192124128341675
wrapper,5.27092170715332
wrapper,20.68954110145569
wrapper,21.18612051010132
wrapper,31.634987831115723
wrapper,20.623647451400757
wrapper,6.06105637550354
wrapper,21.870636224746704
wrapper,21.276823043823242
wrapper,5.581342935562134
FILE_2024-02-14 17.00 09%20-%20Susan-representations.aird.hepsy,164.58562588691711
