node,execution_time
wrapper,5.432215452194214
wrapper,5.410916566848755
wrapper,36.269423723220825
wrapper,36.11017179489136
wrapper,33.02760696411133
wrapper,33.81506299972534
wrapper,5.29457426071167
wrapper,31.31721067428589
wrapper,37.066914558410645
wrapper,5.081601619720459
FILE_2024-02-13 16.59 00%20-%20DigitalCam%20Parallel-representations.aird.hepsy,233.90923810005188
