node,execution_time
wrapper,4.983642339706421
wrapper,5.032126188278198
wrapper,28.110027551651
wrapper,23.514195919036865
wrapper,23.002025365829468
wrapper,24.514962434768677
wrapper,5.152997970581055
wrapper,23.377116441726685
wrapper,23.845701694488525
wrapper,5.4625067710876465
FILE_2024-02-13 17.34 01%20-%20FIRFIRGCD-representations.aird.hepsy,172.0948498249054
