node,execution_time
wrapper,5.8250648975372314
wrapper,5.206395149230957
wrapper,16.772620916366577
wrapper,16.34934377670288
wrapper,5.2724385261535645
FILE_2024-02-14 15.40 05%20-%20Hepsy%20Example-representations.aird.hepsy,54.95503878593445
