node,execution_time
wrapper,5.381009578704834
wrapper,13.94623875617981
wrapper,41.69624924659729
wrapper,6.258145809173584
FILE_2024-02-14 17.46 10%20-%20JPEG_encoder-representations.aird.hepsy,74.27501010894775
