node,execution_time
wrapper,5.448182582855225
wrapper,5.230640172958374
wrapper,5.119330644607544
wrapper,23.43891978263855
wrapper,23.804791927337646
wrapper,23.25025773048401
wrapper,5.2923500537872314
wrapper,22.77478313446045
wrapper,28.00136423110962
wrapper,5.570090293884277
FILE_2024-02-14 14.50 03%20-%20RT%20App%20Paper-representations.aird.hepsy,153.42332696914673
