node,execution_time
wrapper,6.994829893112183
wrapper,9.819277286529541
wrapper,22.07322859764099
wrapper,20.581278800964355
wrapper,20.238991737365723
wrapper,5.151454925537109
FILE_2024-02-14 17.58 11%20-%20JPEG%20Reduced-representations.aird.hepsy,90.54064297676086
