file_name,total_emissions
test-rag.hepsy,0.00396037842848878
TOTAL_APP,0.00405400556621926
