file_name,execution_time
test-rag.hepsy,175.00349974632263
TOTAL_APP,175.04034566879272
