node,total_emissions
generate_query_node,4.967938358053042e-08
cache_context_node,8.162507973159014e-08
model_generation_node,7.39349378765306e-08
model_validation_node,1.388544874931669e-07
FILE_2024-02-14 15.51 06%20-%20Sobel-representations.aird.hepsy,0.00011407777068292552
