node,total_emissions
generate_query_node,1.084282485068774e-07
cache_context_node,9.205328621312129e-08
model_generation_node,8.408564683148439e-05
model_validation_node,1.2692698770118268e-07
FILE_2024-02-14 18.17 12%20-%20FIRFIRGCD_ext-representations.aird.hepsy,0.00020159537991849282
