node,execution_time
wrapper,5.088927745819092
wrapper,5.074294090270996
wrapper,26.991260766983032
wrapper,24.423715591430664
wrapper,16.553526639938354
wrapper,12.942459106445312
wrapper,5.088526010513306
wrapper,5.049576997756958
wrapper,5.167032957077026
wrapper,5.037953853607178
FILE_2024-02-13 16.59 00%20-%20DigitalCam%20Parallel-representations.aird.hepsy,116.40482902526855
