node,execution_time
wrapper,4.935520172119141
wrapper,4.991537094116211
wrapper,11.850635766983032
wrapper,13.128185510635376
wrapper,13.912394046783447
wrapper,9.766101837158203
wrapper,4.994189977645874
wrapper,4.983641624450684
wrapper,9.848984241485596
wrapper,5.078037738800049
FILE_2024-02-14 15.04 04%20-%20RT%20App%20Paper%202-representations.aird.hepsy,88.44134950637817
