node,execution_time
wrapper,5.072432994842529
wrapper,5.058937311172485
wrapper,13.182474136352539
wrapper,11.627147912979126
wrapper,11.13339614868164
wrapper,11.404689311981201
wrapper,5.0565879344940186
wrapper,11.188121795654297
wrapper,11.743735790252686
wrapper,5.134352922439575
FILE_2024-02-14 17.00 09%20-%20Susan-representations.aird.hepsy,95.65750288963318
