node,execution_time
wrapper,5.004411220550537
wrapper,5.111798286437988
wrapper,14.006698608398438
wrapper,11.608454942703247
wrapper,19.487982273101807
wrapper,13.924317836761475
wrapper,5.088559150695801
wrapper,5.212613344192505
wrapper,10.694545030593872
wrapper,5.284634828567505
FILE_2024-02-14 17.58 11%20-%20JPEG%20Reduced-representations.aird.hepsy,100.41684603691101
