node,execution_time
wrapper,5.231264114379883
wrapper,4.981297969818115
wrapper,11.546818733215332
wrapper,4.993520259857178
FILE_2024-02-13 16.44 00%20-%20DigitalCam%20Nominal-representations.aird.hepsy,31.787841081619263
