node,execution_time
wrapper,5.082899332046509
wrapper,5.228818416595459
wrapper,16.44329309463501
wrapper,11.44452166557312
wrapper,11.043339490890503
wrapper,15.677149295806885
wrapper,4.948079824447632
wrapper,5.055930137634277
wrapper,4.970043659210205
wrapper,4.968100309371948
FILE_2024-02-14 18.30 13%20-%20FIRFIRGCD_HPV-representations.aird.hepsy,89.86079430580139
