node,execution_time
wrapper,5.317413091659546
wrapper,5.1144163608551025
wrapper,5.179129600524902
wrapper,5.0194172859191895
FILE_2024-02-14 15.51 06%20-%20Sobel-representations.aird.hepsy,25.770776987075806
