node,execution_time
wrapper,4.988738775253296
wrapper,5.029407978057861
wrapper,5.125180006027222
wrapper,5.044684410095215
FILE_2024-02-14 17.46 10%20-%20JPEG_encoder-representations.aird.hepsy,25.15471601486206
