node,execution_time
wrapper,4.925248622894287
wrapper,4.986735105514526
wrapper,4.936155796051025
wrapper,4.893594264984131
FILE_ex00_writer0001.bpmn,24.643980979919434
