node,execution_time
wrapper,4.987391233444214
wrapper,4.954124212265015
wrapper,21.397776126861572
wrapper,31.332911491394043
wrapper,5.006392002105713
FILE_ex07_writer0000.bpmn,72.61193180084229
