node,execution_time
wrapper,4.91483211517334
wrapper,4.939445495605469
wrapper,23.463317394256592
wrapper,4.900069952011108
FILE_ex02_writer0001.bpmn,43.23618841171265
