node,execution_time
wrapper,4.921259880065918
wrapper,4.866036653518677
wrapper,25.39063048362732
wrapper,4.942612409591675
FILE_ex01_writer0001.bpmn,45.038355112075806
