node,execution_time
wrapper,4.866811513900757
wrapper,4.908267259597778
wrapper,22.08437490463257
wrapper,25.66346836090088
wrapper,18.976230144500732
wrapper,5.015580177307129
wrapper,4.953698635101318
wrapper,4.985722780227661
wrapper,5.060428619384766
wrapper,4.989139795303345
FILE_ex09_writer0002.bpmn,106.43387579917908
