total_emissions,file_name
0.005220091784027664,test-rag.hepsy
0.0055787444474097595,TOTAL_APP
