total_emissions,node
1.0441039866044246e-07,generate_query_from_metamodel
0.00034973398815499394,generate_query_node
7.254785457662608e-06,retrieve
0.00022502711991258256,grade_documents
9.823983946059795e-05,grade_generation_v_documents_and_question
0.00014314615602852238,evaluate_rag_output
0.00022232709887280342,evaluate_bert_score
0.0008574241970723838,cache_context_node
0.005220091784027664,FILE_test-rag.hepsy
