node,execution_time
wrapper,5.165922403335571
wrapper,10.488786220550537
wrapper,5.4689154624938965
wrapper,8.545480251312256
wrapper,6.625742197036743
wrapper,7.438985824584961
wrapper,8.537429809570312
wrapper,18.13847327232361
FILE_test-rag.hepsy,82.99726867675781
