total_emissions,file_name
0.00776704958083708,test-rag.hepsy
0.008125016867104365,TOTAL_APP
