node,execution_time
wrapper,5.139450550079346
wrapper,10.331566095352173
wrapper,5.183111906051636
wrapper,10.260376691818237
wrapper,7.102318286895752
wrapper,9.254896879196167
wrapper,9.553946018218994
wrapper,31.51408624649048
FILE_test-rag.hepsy,120.42332863807678
