file_name,execution_time
test-rag.hepsy,120.42332863807678
TOTAL_APP,120.48229312896729
