file_name,total_emissions
test-rag.hepsy,0.005360898251628397
TOTAL_APP,0.005683109075015012
