node,execution_time
wrapper,5.158590078353882
wrapper,10.159687995910645
wrapper,6.331201791763306
wrapper,9.9557785987854
wrapper,5.693033933639526
wrapper,5.686874151229858
wrapper,10.838630676269531
wrapper,8.348400592803955
wrapper,5.596694707870483
wrapper,5.957464218139648
wrapper,7.833143472671509
wrapper,8.68791127204895
FILE_test-rag.hepsy,90.9250123500824
