node,total_emissions
generate_query_node,3.255260713898421e-08
cache_context_node,5.8625163954224946e-08
model_generation_node,3.303208414982586e-05
model_validation_node,3.309948268039752e-05
model_validation_node,1.4335445012292022e-07
FILE_2024-02-14 17.00 09%20-%20Susan-representations.aird.hepsy,0.0002030489907847337
