node,execution_time
wrapper,4.917746067047119
wrapper,5.036298990249634
wrapper,11.534086465835571
wrapper,4.99048113822937
FILE_2024-02-14 15.51 06%20-%20Sobel-representations.aird.hepsy,31.410714626312256
