total_emissions,node
6.328163085519396e-08,generate_query_node
1.3225697126995289e-07,cache_context_node
0.004181148939351768,model_generation_node
5.889970142092702e-06,model_validation_node
0.00552121465722278,FILE_ex09_writer0002.bpmn
