node,execution_time
wrapper,5.101417303085327
wrapper,5.079412460327148
wrapper,75.91308188438416
wrapper,5.251948833465576
FILE_ex04_writer0008.bpmn,96.36264896392822
