node,execution_time
wrapper,5.069974899291992
wrapper,5.147841215133667
wrapper,68.51139569282532
wrapper,5.151224613189697
FILE_ex09_writer0002.bpmn,88.8594720363617
