node,execution_time
wrapper,5.013895273208618
wrapper,4.967069149017334
wrapper,13.918478727340698
wrapper,12.40485143661499
wrapper,9.709272861480713
wrapper,9.810568571090698
wrapper,4.997978925704956
wrapper,5.022012710571289
wrapper,5.11279559135437
wrapper,4.9484477043151855
FILE_2024-02-14 16.25 08%20-%20RASTA-PLP-representations.aird.hepsy,80.80165338516235
