node,execution_time
wrapper,5.035104274749756
wrapper,4.979007005691528
wrapper,12.781752824783325
wrapper,10.099530935287476
wrapper,20.52117133140564
wrapper,4.950966835021973
FILE_2024-02-14 15.52 07%20-%20Roberts-representations.aird.hepsy,63.341941118240356
