node,execution_time
wrapper,5.036199331283569
wrapper,5.092685699462891
wrapper,13.126356363296509
wrapper,9.923327684402466
wrapper,9.40571403503418
wrapper,9.51981258392334
wrapper,4.920041561126709
wrapper,5.0074450969696045
wrapper,4.940133094787598
wrapper,4.929154872894287
FILE_2024-02-14 15.04 04%20-%20RT%20App%20Paper%202-representations.aird.hepsy,76.90103387832642
