node,total_emissions
generate_query_node,1.3276605426412398e-07
cache_context_node,4.8187215316341215e-08
model_generation_node,5.558883560857801e-05
model_validation_node,3.5104910698704214e-05
model_validation_node,2.1803021355406085e-07
FILE_2024-02-14 14.50 03%20-%20RT%20App%20Paper-representations.aird.hepsy,0.00023345963601863748
