node,execution_time
wrapper,4.961144924163818
wrapper,4.9785284996032715
wrapper,17.346318244934082
wrapper,9.180355548858643
wrapper,10.679697751998901
wrapper,10.423192739486694
wrapper,5.094247102737427
wrapper,10.0800461769104
wrapper,8.872630596160889
wrapper,4.9866042137146
FILE_2024-02-13 17.34 01%20-%20FIRFIRGCD-representations.aird.hepsy,91.57475185394287
