node,execution_time
wrapper,4.984207630157471
wrapper,4.993407726287842
wrapper,12.762102603912354
wrapper,16.930272102355957
wrapper,14.988028764724731
wrapper,15.92421269416809
wrapper,5.091516733169556
wrapper,5.082087993621826
wrapper,10.925686836242676
wrapper,4.959965229034424
FILE_2024-02-14 17.58 11%20-%20JPEG%20Reduced-representations.aird.hepsy,101.61594533920288
