node,execution_time
wrapper,5.065571308135986
wrapper,4.933701515197754
wrapper,14.281998872756958
wrapper,14.887160062789917
wrapper,12.489867687225342
wrapper,12.638362884521484
wrapper,5.066246747970581
wrapper,4.932002544403076
wrapper,5.021261692047119
wrapper,5.1333534717559814
FILE_2024-02-14 17.00 09%20-%20Susan-representations.aird.hepsy,89.4837863445282
