node,execution_time
wrapper,4.917361497879028
wrapper,4.98893928527832
wrapper,5.01379919052124
wrapper,9.708531618118286
wrapper,10.004035949707031
wrapper,9.793474912643433
wrapper,5.0289483070373535
wrapper,8.825167417526245
wrapper,10.0149564743042
wrapper,5.0050153732299805
FILE_2024-02-14 14.40 02%20-%20RT%20App-representations.aird.hepsy,78.22685027122498
