node,execution_time
wrapper,5.138015508651733
wrapper,4.932385444641113
wrapper,21.00503897666931
wrapper,11.104631900787354
wrapper,22.96485710144043
wrapper,5.0537028312683105
wrapper,5.095682859420776
wrapper,4.945099592208862
wrapper,5.030889511108398
wrapper,5.053904056549072
FILE_2024-02-14 17.46 10%20-%20JPEG_encoder-representations.aird.hepsy,95.29882311820984
