node,execution_time
wrapper,4.895385026931763
wrapper,4.9307472705841064
wrapper,10.602547645568848
wrapper,16.796162605285645
wrapper,9.067839622497559
wrapper,8.327954053878784
wrapper,5.136866331100464
wrapper,10.556579351425171
wrapper,8.681185245513916
wrapper,4.959475517272949
FILE_2024-02-14 15.40 05%20-%20Hepsy%20Example-representations.aird.hepsy,88.90105247497559
