node,execution_time
wrapper,4.966204404830933
wrapper,4.975980758666992
wrapper,16.470566272735596
wrapper,8.9232337474823
wrapper,5.0377302169799805
FILE_2024-02-14 18.30 13%20-%20FIRFIRGCD_HPV-representations.aird.hepsy,45.25626754760742
