node,execution_time
wrapper,5.0853517055511475
wrapper,5.174347877502441
wrapper,11.537208080291748
wrapper,9.162626266479492
wrapper,5.124608516693115
FILE_2024-02-13 16.44 00%20-%20DigitalCam%20Nominal-representations.aird.hepsy,41.05260896682739
