node,execution_time
wrapper,5.951661825180054
wrapper,5.037675380706787
wrapper,15.031679630279541
wrapper,11.310320377349854
wrapper,5.001552104949951
FILE_2024-02-14 14.50 03%20-%20RT%20App%20Paper-representations.aird.hepsy,47.270140409469604
