node,execution_time
wrapper,5.167881011962891
wrapper,5.192009210586548
wrapper,19.212592840194702
wrapper,13.483826160430908
wrapper,15.157005786895752
wrapper,14.793529510498047
wrapper,5.050011396408081
wrapper,20.732762098312378
wrapper,14.974206924438477
wrapper,5.082862377166748
FILE_2024-02-13 16.59 00%20-%20DigitalCam%20Parallel-representations.aird.hepsy,123.96184420585632
