node,execution_time
wrapper,5.050550937652588
wrapper,5.065204620361328
wrapper,14.622368097305298
wrapper,11.11077094078064
wrapper,10.380716323852539
wrapper,13.140853881835938
wrapper,5.094914197921753
wrapper,12.451831340789795
wrapper,9.451378107070923
wrapper,5.040545463562012
FILE_2024-02-14 18.17 12%20-%20FIRFIRGCD_ext-representations.aird.hepsy,96.3566689491272
