node,execution_time
wrapper,11.126116275787354
wrapper,5.467452526092529
wrapper,26.51832604408264
wrapper,8.922685861587524
FILE_ex01_writer0001.bpmn,73.5369005203247
