node,execution_time
wrapper,4.961681127548218
wrapper,5.016152620315552
wrapper,69.08727669715881
wrapper,68.91802167892456
wrapper,5.200830698013306
wrapper,5.067001581192017
wrapper,4.9930260181427
wrapper,5.12682318687439
wrapper,5.283143997192383
wrapper,5.055028200149536
FILE_ex03_writer0001.bpmn,183.75565028190613
