file_name,execution_time
ex00_writer0001.bpmn,25.139663219451904
ex01_writer0001.bpmn,25.492730140686035
ex02_writer0001.bpmn,25.122552633285522
ex03_writer0001.bpmn,25.344447135925293
ex04_writer0008.bpmn,25.72816777229309
ex05_writer0013.bpmn,24.89439606666565
ex07_writer0000.bpmn,25.024700164794922
ex08_writer0000.bpmn,25.23927068710327
ex09_writer0002.bpmn,219.51985573768616
ex10_writer0000.bpmn,383.8791959285736
TOTAL_APP,805.8806302547455
