node,execution_time
wrapper,5.052067279815674
wrapper,5.064967393875122
wrapper,20.025505304336548
wrapper,20.86946177482605
wrapper,20.08579182624817
wrapper,4.9735705852508545
wrapper,4.960829734802246
wrapper,4.966741561889648
wrapper,5.044256925582886
wrapper,5.005073308944702
FILE_ex07_writer0000.bpmn,101.07592034339905
