node,execution_time
wrapper,5.057724237442017
wrapper,5.0021445751190186
wrapper,25.00262427330017
wrapper,34.53525137901306
wrapper,4.970305442810059
FILE_ex04_writer0008.bpmn,79.550048828125
