node,execution_time
wrapper,5.013441562652588
wrapper,4.98533296585083
wrapper,14.568232536315918
wrapper,15.071148872375488
wrapper,13.020719528198242
wrapper,15.35718822479248
wrapper,5.064999341964722
wrapper,4.934370994567871
wrapper,4.995177745819092
wrapper,4.945754289627075
FILE_ex10_writer0000.bpmn,92.9615216255188
