node,execution_time
wrapper,4.9253294467926025
wrapper,4.99974250793457
wrapper,72.12989211082458
wrapper,31.574192762374878
wrapper,5.248363971710205
wrapper,5.041553020477295
wrapper,4.987884044647217
wrapper,5.037378787994385
wrapper,5.052282333374023
wrapper,5.052076578140259
FILE_ex08_writer0000.bpmn,148.99543929100037
