node,execution_time
wrapper,5.004984140396118
wrapper,5.025384426116943
wrapper,18.315008878707886
wrapper,18.69346570968628
wrapper,19.901116371154785
wrapper,28.85599160194397
wrapper,5.0696375370025635
wrapper,5.002203941345215
wrapper,5.124361515045166
wrapper,5.054443836212158
FILE_ex00_writer0001.bpmn,121.02615284919739
