node,execution_time
wrapper,4.937007427215576
wrapper,5.0031397342681885
wrapper,31.85840392112732
wrapper,42.16864013671875
wrapper,5.341188907623291
FILE_ex03_writer0001.bpmn,94.26511120796204
