file_name,total_emissions
test-rag.hepsy,0.004247817285527539
TOTAL_APP,0.004474218560207782
