node,execution_time
wrapper,5.017616271972656
wrapper,9.984619855880737
wrapper,8.539778232574463
wrapper,32.558446168899536
wrapper,6.440767049789429
wrapper,7.783034086227417
wrapper,7.516710519790649
wrapper,19.347326278686523
FILE_test-rag.hepsy,98.09656310081482
