total_emissions,file_name
0.005441241163162031,test-rag.hepsy
0.005804900031526701,TOTAL_APP
