node,execution_time
wrapper,5.187353610992432
wrapper,10.76121997833252
wrapper,5.614444255828857
wrapper,8.732328653335571
wrapper,7.011319637298584
wrapper,7.437611103057861
wrapper,9.372159004211426
wrapper,19.445996522903442
FILE_test-rag.hepsy,86.30010938644409
