node,execution_time
wrapper,5.06800103187561
wrapper,5.140330076217651
wrapper,33.670063495635986
wrapper,66.48674249649048
wrapper,50.81748843193054
wrapper,5.180514097213745
wrapper,5.420414447784424
wrapper,5.30928635597229
wrapper,5.084039926528931
wrapper,4.983846664428711
FILE_ex07_writer0000.bpmn,192.24548482894897
