node,execution_time
wrapper,5.108273983001709
wrapper,5.1227240562438965
wrapper,80.43199062347412
wrapper,52.00966167449951
wrapper,52.2253041267395
wrapper,5.374707460403442
FILE_ex02_writer0001.bpmn,205.45450925827026
