node,execution_time
wrapper,5.338645935058594
wrapper,5.2274863719940186
wrapper,30.047030448913574
wrapper,5.129507780075073
FILE_ex00_writer0001.bpmn,51.723742961883545
