node,total_emissions
generate_query_node,4.114821247733788e-08
cache_context_node,4.483731266262194e-08
model_generation_node,0.0008835969113944706
model_validation_node,1.3136795077802413e-07
FILE_2024-02-14 17.46 10%20-%20JPEG_encoder-representations.aird.hepsy,0.0022763725691222914
