node,total_emissions
generate_query_node,3.908545107558897e-08
cache_context_node,4.3211936249768195e-08
model_generation_node,0.0010497252575317642
model_validation_node,1.7860565442708028e-07
FILE_2024-02-14 15.51 06%20-%20Sobel-representations.aird.hepsy,0.002435466132919289
