node,total_emissions
generate_query_node,7.200181575596801e-08
cache_context_node,6.663739322394323e-06
model_generation_node,0.0009062136586983416
model_validation_node,2.8033773825032302e-05
FILE_2024-02-14 17.58 11%20-%20JPEG%20Reduced-representations.aird.hepsy,0.0024253399006939815
