node,total_emissions
generate_query_node,4.254146901814231e-08
cache_context_node,4.695406781239358e-08
model_generation_node,0.0013414228458635353
model_validation_node,6.6255411723796785e-06
FILE_2024-02-14 15.04 04%20-%20RT%20App%20Paper%202-representations.aird.hepsy,0.0027939989240358316
