node,total_emissions
generate_query_node,4.224609012409124e-08
cache_context_node,1.0472629451176724e-07
model_generation_node,0.00141390120941684
model_validation_node,0.0024804356174998217
model_validation_node,0.0018454775480276483
model_validation_node,5.929697372614572e-06
FILE_2024-02-13 16.59 00%20-%20DigitalCam%20Parallel-representations.aird.hepsy,0.007810470561185506
