node,execution_time
wrapper,5.06969141960144
wrapper,5.396883249282837
wrapper,18.20894503593445
wrapper,5.184932231903076
FILE_2024-02-14 17.46 10%20-%20JPEG_encoder-representations.aird.hepsy,38.85790514945984
