node,execution_time
wrapper,5.114876747131348
wrapper,5.280013799667358
wrapper,24.94347882270813
wrapper,6.304575204849243
FILE_2024-02-14 15.04 04%20-%20RT%20App%20Paper%202-representations.aird.hepsy,46.70617890357971
