node,execution_time
wrapper,5.141232490539551
wrapper,5.162126779556274
wrapper,27.451918840408325
wrapper,5.268407821655273
FILE_2024-02-14 15.52 07%20-%20Roberts-representations.aird.hepsy,48.08799338340759
