node,execution_time
wrapper,7.623960018157959
wrapper,6.357314825057983
wrapper,24.17518901824951
wrapper,6.955763816833496
FILE_2024-02-14 18.30 13%20-%20FIRFIRGCD_HPV-representations.aird.hepsy,52.849931478500366
