node,execution_time
wrapper,6.84820032119751
wrapper,6.322528839111328
wrapper,18.829484462738037
wrapper,20.38240146636963
wrapper,19.947316646575928
wrapper,28.072750329971313
wrapper,6.511064767837524
wrapper,7.885339021682739
wrapper,20.46418070793152
wrapper,5.668193817138672
FILE_2024-02-14 18.17 12%20-%20FIRFIRGCD_ext-representations.aird.hepsy,146.31899213790894
