node,execution_time
wrapper,5.294362545013428
wrapper,5.2786054611206055
wrapper,27.70410943031311
wrapper,21.357145309448242
wrapper,21.336501598358154
wrapper,22.03062152862549
wrapper,5.4322350025177
wrapper,23.20115041732788
wrapper,21.056817531585693
wrapper,22.794053316116333
wrapper,5.567206382751465
wrapper,22.617072820663452
wrapper,20.50167965888977
wrapper,19.666143655776978
wrapper,3.7133305072784424
wrapper,24.15817928314209
wrapper,24.343770503997803
wrapper,31.48073434829712
wrapper,5.107680797576904
wrapper,22.788400411605835
wrapper,19.28925848007202
wrapper,5.080560684204102
FILE_2024-02-14 14.50 03%20-%20RT%20App%20Paper-representations.aird.hepsy,384.8459503650665
