file_name,total_emissions
test-rag.hepsy,0.002520885086008201
TOTAL_APP,0.0027222858554601013
