node,execution_time
wrapper,4.961967706680298
wrapper,9.990687131881714
wrapper,6.849734544754028
wrapper,11.668291091918945
wrapper,6.27413272857666
wrapper,6.409193992614746
wrapper,7.540743350982666
wrapper,11.888288736343384
FILE_test-rag.hepsy,66.40162229537964
