total_emissions,node
4.266502361306235e-08,generate_query_node
9.592062124702282e-08,cache_context_node
1.460404188318322e-06,model_generation_node
3.9842173474238295e-08,model_validation_node
2.358826496187505e-06,FILE_2024-02-14 14.40 02%20-%20RT%20App-representations.aird.hepsy
