total_emissions,node
4.420663535632709e-08,generate_query_node
3.7582501992578165e-08,cache_context_node
0.0003446871624352883,model_generation_node
0.00042886394441848393,FILE_2024-02-13 16.59 00%20-%20DigitalCam%20Parallel-representations.aird.hepsy
