node,execution_time
wrapper,5.503429412841797
wrapper,5.189141035079956
wrapper,53.64636754989624
wrapper,5.102427959442139
FILE_2024-02-14 17.00 09%20-%20Susan-representations.aird.hepsy,74.48236680030823
