node,execution_time
wrapper,5.365663290023804
wrapper,5.23747992515564
wrapper,47.38795804977417
wrapper,5.402608871459961
FILE_2024-02-14 14.50 03%20-%20RT%20App%20Paper-representations.aird.hepsy,68.41820740699768
