node,execution_time
wrapper,4.9780004024505615
wrapper,5.040293455123901
wrapper,42.62433123588562
wrapper,4.9704999923706055
FILE_2024-02-14 17.58 11%20-%20JPEG%20Reduced-representations.aird.hepsy,62.96767711639404
