node,execution_time
wrapper,5.027894973754883
wrapper,5.284164190292358
wrapper,57.46091604232788
wrapper,5.361163139343262
FILE_2024-02-14 17.46 10%20-%20JPEG_encoder-representations.aird.hepsy,78.46790480613708
