node,execution_time
wrapper,5.159127712249756
wrapper,5.109315872192383
wrapper,67.12811970710754
FILE_2024-02-13 16.59 00%20-%20DigitalCam%20Parallel-representations.aird.hepsy,83.46738886833191
