file_name,total_emissions
test-rag.hepsy,0.0027992508747561626
TOTAL_APP,0.0029099975589369797
