file_name,execution_time
test-rag.hepsy,124.25338578224182
TOTAL_APP,124.28161764144897
