node,execution_time
wrapper,4.942544460296631
wrapper,9.918869733810425
wrapper,8.111268997192383
wrapper,25.87162709236145
wrapper,6.024800539016724
wrapper,6.304767608642578
wrapper,7.107010841369629
wrapper,17.78116250038147
wrapper,6.575968027114868
wrapper,6.674776554107666
wrapper,7.429716110229492
wrapper,16.491339921951294
FILE_test-rag.hepsy,124.25338578224182
