file_name,total_emissions
ex00_writer0001.bpmn,0.00011444530228135037
ex01_writer0001.bpmn,0.00011171476116232
ex02_writer0001.bpmn,0.0005437251833442965
ex03_writer0001.bpmn,0.0011747218026677718
ex04_writer0008.bpmn,0.00020707268218890618
TOTAL_APP,0.002291518629536128
