node,execution_time
wrapper,4.988436222076416
wrapper,5.022073745727539
wrapper,51.09956979751587
wrapper,57.271018266677856
wrapper,88.8237099647522
wrapper,5.162785053253174
FILE_ex03_writer0001.bpmn,217.31135392189026
