file_name,execution_time
ex00_writer0001.bpmn,25.96547818183899
ex01_writer0001.bpmn,25.1807644367218
ex02_writer0001.bpmn,103.4720094203949
ex03_writer0001.bpmn,217.31135392189026
ex04_writer0008.bpmn,42.339202642440796
TOTAL_APP,414.53541898727417
