file_name,total_emissions
test-rag.hepsy,0.00333857920988655
TOTAL_APP,0.0035046346444931216
