node,execution_time
wrapper,5.024864912033081
wrapper,10.150635004043579
wrapper,6.803175449371338
wrapper,9.757220983505249
wrapper,5.834221124649048
wrapper,7.620529651641846
wrapper,7.947051048278809
wrapper,8.615075826644897
wrapper,5.684972763061523
wrapper,6.259148597717285
wrapper,7.486139297485352
wrapper,7.8427934646606445
FILE_test-rag.hepsy,89.99196887016296
