total_emissions,file_name
0.004284951840657568,test-rag.hepsy
0.004639436357307695,TOTAL_APP
