file_name,total_emissions
test-rag.hepsy,0.0024093536459976706
TOTAL_APP,0.0026054980900579545
