node,execution_time
wrapper,4.960445880889893
wrapper,9.895042657852173
wrapper,7.1493425369262695
wrapper,12.067867994308472
wrapper,5.925851583480835
wrapper,6.180968761444092
wrapper,7.656718492507935
wrapper,12.582470178604126
FILE_test-rag.hepsy,67.13078379631042
