node,total_emissions
generate_query_node,9.420332063550453e-08
cache_context_node,3.913232409839321e-08
model_generation_node,4.0579524165246464e-05
model_validation_node,1.1674930739660667e-07
FILE_2024-02-14 18.17 12%20-%20FIRFIRGCD_ext-representations.aird.hepsy,0.0001499763525293683
