node,total_emissions
generate_query_node,5.091939440854782e-08
cache_context_node,6.205571067775134e-08
model_generation_node,3.747910507631978e-05
model_validation_node,3.469732727674137e-05
model_validation_node,2.0598448048651513e-07
FILE_2024-02-14 15.04 04%20-%20RT%20App%20Paper%202-representations.aird.hepsy,0.00021095930400455952
