node,total_emissions
generate_query_node,4.6526601156418576e-08
cache_context_node,4.8245105276624705e-08
model_generation_node,5.332559238087935e-05
model_validation_node,1.4337989170516491e-07
FILE_2024-02-14 17.46 10%20-%20JPEG_encoder-representations.aird.hepsy,0.00016432296910304836
