node,execution_time
wrapper,4.990592956542969
wrapper,5.037369966506958
wrapper,12.789402723312378
wrapper,4.912041664123535
FILE_2024-02-14 17.58 11%20-%20JPEG%20Reduced-representations.aird.hepsy,32.684529066085815
