node,execution_time
wrapper,4.971078157424927
wrapper,4.951528072357178
wrapper,10.928947925567627
wrapper,14.436556100845337
wrapper,11.86687684059143
wrapper,12.234336853027344
wrapper,5.029142379760742
wrapper,12.506332397460938
wrapper,14.956411123275757
wrapper,5.220810651779175
FILE_2024-02-14 15.52 07%20-%20Roberts-representations.aird.hepsy,102.0879259109497
