node,execution_time
wrapper,5.039021015167236
wrapper,5.009648561477661
wrapper,11.25440502166748
wrapper,14.674698829650879
wrapper,12.910929203033447
wrapper,11.276073217391968
wrapper,4.9551615715026855
wrapper,10.511898279190063
wrapper,16.147403955459595
wrapper,5.1860034465789795
FILE_2024-02-14 18.30 13%20-%20FIRFIRGCD_HPV-representations.aird.hepsy,101.8230664730072
