node,execution_time
wrapper,4.9301958084106445
wrapper,4.953980207443237
wrapper,18.020389080047607
wrapper,15.8818199634552
wrapper,20.50895094871521
wrapper,16.793019771575928
wrapper,4.968859910964966
wrapper,21.14931559562683
wrapper,14.47171425819397
wrapper,4.995859622955322
FILE_2024-02-13 16.59 00%20-%20DigitalCam%20Parallel-representations.aird.hepsy,131.61236953735352
