node,execution_time
wrapper,4.944805860519409
wrapper,5.0115132331848145
wrapper,9.616736650466919
wrapper,8.644805431365967
wrapper,10.529743194580078
wrapper,9.867716312408447
wrapper,4.934577703475952
wrapper,5.004253625869751
wrapper,4.88823938369751
wrapper,4.959097146987915
FILE_2024-02-14 15.40 05%20-%20Hepsy%20Example-representations.aird.hepsy,73.39170122146606
