node,execution_time
wrapper,5.217982053756714
wrapper,4.953266143798828
wrapper,11.693070888519287
wrapper,11.220256805419922
wrapper,4.9699461460113525
FILE_2024-02-14 15.04 04%20-%20RT%20App%20Paper%202-representations.aird.hepsy,42.985260009765625
