node,execution_time
wrapper,5.0275983810424805
wrapper,5.0421717166900635
wrapper,9.117913484573364
wrapper,11.267417430877686
wrapper,11.72184157371521
wrapper,10.123308897018433
wrapper,4.974196195602417
wrapper,9.874680519104004
wrapper,10.645182847976685
wrapper,5.00038480758667
FILE_2024-02-14 16.25 08%20-%20RASTA-PLP-representations.aird.hepsy,87.80826258659363
