node,execution_time
wrapper,4.901463508605957
wrapper,4.968198537826538
wrapper,9.509910106658936
wrapper,10.31272029876709
wrapper,10.918638944625854
wrapper,12.213298559188843
wrapper,5.144388437271118
wrapper,10.055264711380005
wrapper,13.262686729431152
wrapper,4.977799415588379
FILE_2024-02-13 17.34 01%20-%20FIRFIRGCD-representations.aird.hepsy,91.18322348594666
