node,execution_time
wrapper,4.951224088668823
wrapper,4.957634687423706
wrapper,10.880012035369873
wrapper,10.856653928756714
wrapper,4.9495978355407715
FILE_2024-02-14 17.00 09%20-%20Susan-representations.aird.hepsy,41.52730345726013
