node,execution_time
wrapper,4.954738616943359
wrapper,4.992270469665527
wrapper,13.327869892120361
wrapper,12.740106344223022
wrapper,11.717410564422607
wrapper,11.202636480331421
wrapper,5.021323204040527
wrapper,4.931908130645752
wrapper,4.964924335479736
wrapper,4.972652435302734
FILE_2024-02-14 14.50 03%20-%20RT%20App%20Paper-representations.aird.hepsy,83.85201001167297
