node,execution_time
wrapper,5.141456127166748
wrapper,5.166967391967773
wrapper,12.243180990219116
wrapper,22.086769819259644
wrapper,10.924547910690308
wrapper,9.692296028137207
wrapper,5.307289361953735
wrapper,5.180570125579834
wrapper,5.441783666610718
wrapper,5.63196325302124
FILE_2024-02-14 14.50 03%20-%20RT%20App%20Paper-representations.aird.hepsy,91.9600133895874
