total_emissions,node
6.429098383801307e-06,generate_query_node
3.314867228559187e-05,cache_context_node
0.0008276649766815319,model_generation_node
6.737365475280315e-06,model_validation_node
0.0029724888501914183,FILE_2024-02-14 16.25 08%20-%20RASTA-PLP-representations.aird.hepsy
