node,execution_time
wrapper,7.3898608684539795
wrapper,6.0590221881866455
wrapper,23.91152334213257
wrapper,23.203822135925293
wrapper,24.065747499465942
wrapper,23.785436391830444
wrapper,7.243350267410278
wrapper,27.709624528884888
wrapper,33.85166931152344
wrapper,9.481463193893433
FILE_2024-02-13 17.34 01%20-%20FIRFIRGCD-representations.aird.hepsy,192.54021382331848
