node,execution_time
wrapper,5.763981819152832
wrapper,6.8121302127838135
wrapper,10.847973346710205
wrapper,9.182911157608032
FILE_2024-02-14 15.51 06%20-%20Sobel-representations.aird.hepsy,38.890074253082275
