node,execution_time
wrapper,6.855743646621704
wrapper,5.511249780654907
wrapper,22.614231824874878
wrapper,17.331817865371704
wrapper,7.096884727478027
FILE_2024-02-14 17.00 09%20-%20Susan-representations.aird.hepsy,66.4766035079956
