node,execution_time
wrapper,10.098671197891235
wrapper,5.856010913848877
wrapper,7.235326528549194
wrapper,26.494778871536255
wrapper,23.574459314346313
wrapper,22.545073986053467
wrapper,11.180332660675049
wrapper,22.534374952316284
wrapper,29.743133068084717
wrapper,9.49175763130188
FILE_2024-02-14 14.40 02%20-%20RT%20App-representations.aird.hepsy,174.65256118774414
