node,total_emissions
generate_query_node,5.8144870362655105e-08
cache_context_node,5.6076883692493175e-08
model_generation_node,3.0442645804307808e-05
model_validation_node,1.9235627789763833e-07
FILE_2024-02-14 18.17 12%20-%20FIRFIRGCD_ext-representations.aird.hepsy,0.00014243032452051997
