node,total_emissions
generate_query_node,5.8835446069131163e-08
cache_context_node,6.835004310674081e-08
model_generation_node,4.877155267484326e-08
model_validation_node,1.0070264628894586e-07
FILE_2024-02-14 14.40 02%20-%20RT%20App-representations.aird.hepsy,0.00011150871174096459
