node,total_emissions
generate_query_node,1.0967010925679287e-07
cache_context_node,7.423835024389402e-08
model_generation_node,3.2516484301402663e-07
model_validation_node,1.4511287777850077e-07
FILE_2024-02-14 15.40 05%20-%20Hepsy%20Example-representations.aird.hepsy,0.00012354899868392483
