node,total_emissions
generate_query_node,5.075554721896407e-08
cache_context_node,4.793126840772769e-08
model_generation_node,3.1928376194003835e-05
model_validation_node,1.7943910450861976e-07
FILE_2024-02-14 17.58 11%20-%20JPEG%20Reduced-representations.aird.hepsy,0.00014528070709193068
