node,total_emissions
generate_query_node,1.1797450056866094e-07
cache_context_node,6.028256400461087e-08
model_generation_node,4.940440621149356e-08
model_validation_node,1.0269285982558439e-07
FILE_2024-02-13 17.34 01%20-%20FIRFIRGCD-representations.aird.hepsy,0.00011101429242630479
