node,total_emissions
generate_query_node,9.823548347841609e-08
cache_context_node,7.674604519667129e-08
model_generation_node,3.93096523473937e-05
model_validation_node,1.7501342504405052e-07
FILE_2024-02-14 15.52 07%20-%20Roberts-representations.aird.hepsy,0.00015573572054157367
