node,total_emissions
generate_query_node,3.460847444939015e-08
cache_context_node,1.4288096376066411e-07
model_generation_node,2.7695368328549577e-05
model_validation_node,1.3176106224136053e-07
FILE_2024-02-13 16.44 00%20-%20DigitalCam%20Nominal-representations.aird.hepsy,0.00013783199488607423
