node,total_emissions
generate_query_node,4.4706602742350035e-08
cache_context_node,5.4955095907453804e-08
model_generation_node,2.5415370029187693e-05
model_validation_node,2.7426557911391157e-07
FILE_2024-02-14 15.51 06%20-%20Sobel-representations.aird.hepsy,0.0001384110466706635
