node,total_emissions
generate_query_node,1.2812279217708209e-07
cache_context_node,7.719127404855495e-08
model_generation_node,6.942664248912585e-05
model_validation_node,8.100226493542149e-07
FILE_2024-02-14 17.46 10%20-%20JPEG_encoder-representations.aird.hepsy,0.00018628848925240842
