node,execution_time
wrapper,5.036129474639893
wrapper,5.106837272644043
wrapper,10.46496844291687
wrapper,5.084073781967163
FILE_2024-02-14 18.17 12%20-%20FIRFIRGCD_ext-representations.aird.hepsy,30.70721173286438
