node,execution_time
wrapper,4.995121240615845
wrapper,4.9999754428863525
wrapper,5.0054402351379395
wrapper,5.040295362472534
FILE_2024-02-13 17.34 01%20-%20FIRFIRGCD-representations.aird.hepsy,25.01125168800354
