node,execution_time
wrapper,5.135387420654297
wrapper,5.0825722217559814
wrapper,9.85578203201294
wrapper,10.634952783584595
wrapper,10.412402629852295
wrapper,9.832142114639282
wrapper,5.01699423789978
wrapper,9.668153285980225
wrapper,17.384117126464844
wrapper,5.0365517139434814
FILE_2024-02-14 18.30 13%20-%20FIRFIRGCD_HPV-representations.aird.hepsy,93.00935244560242
