node,execution_time
wrapper,4.953563928604126
wrapper,4.996955156326294
wrapper,9.986359596252441
wrapper,4.9340856075286865
FILE_2024-02-13 16.44 00%20-%20DigitalCam%20Nominal-representations.aird.hepsy,29.845231771469116
