node,execution_time
wrapper,5.0338521003723145
wrapper,5.064777851104736
wrapper,5.041250705718994
wrapper,4.995035409927368
FILE_2024-02-14 14.40 02%20-%20RT%20App-representations.aird.hepsy,25.11026930809021
