node,execution_time
wrapper,5.109173536300659
wrapper,5.114037990570068
wrapper,9.6296865940094
wrapper,5.153876304626465
FILE_2024-02-14 15.51 06%20-%20Sobel-representations.aird.hepsy,30.472822666168213
