node,execution_time
wrapper,5.066364049911499
wrapper,5.015140533447266
wrapper,11.593427896499634
wrapper,13.569045066833496
wrapper,11.197232484817505
wrapper,13.439332246780396
wrapper,5.244428396224976
wrapper,5.583802700042725
wrapper,5.351996660232544
wrapper,5.145885467529297
FILE_2024-02-14 16.25 08%20-%20RASTA-PLP-representations.aird.hepsy,86.31000900268555
