node,execution_time
wrapper,5.218303680419922
wrapper,5.168708562850952
wrapper,5.995000839233398
wrapper,6.033708333969116
FILE_2024-02-14 15.40 05%20-%20Hepsy%20Example-representations.aird.hepsy,27.524139881134033
