node,execution_time
wrapper,5.047112464904785
wrapper,5.054432153701782
wrapper,10.842054843902588
wrapper,5.315776348114014
FILE_2024-02-14 17.58 11%20-%20JPEG%20Reduced-representations.aird.hepsy,31.348080158233643
