node,execution_time
wrapper,4.891250133514404
wrapper,4.900010108947754
wrapper,20.607760190963745
wrapper,20.372081518173218
wrapper,22.54724359512329
wrapper,17.340664863586426
wrapper,4.9545252323150635
wrapper,21.998128175735474
wrapper,18.65008020401001
wrapper,4.958149433135986
FILE_2024-02-13 16.59 00%20-%20DigitalCam%20Parallel-representations.aird.hepsy,146.21215796470642
