node,execution_time
wrapper,5.495082378387451
wrapper,5.391267776489258
wrapper,12.255305051803589
wrapper,5.100307464599609
FILE_2024-02-14 15.52 07%20-%20Roberts-representations.aird.hepsy,33.286372423172
