node,execution_time
wrapper,5.5130815505981445
wrapper,5.652817487716675
wrapper,12.098108053207397
wrapper,11.417789697647095
wrapper,5.044320106506348
wrapper,5.030848503112793
wrapper,5.076630592346191
wrapper,5.142803430557251
wrapper,5.083411693572998
wrapper,5.043399095535278
FILE_2024-02-14 15.04 04%20-%20RT%20App%20Paper%202-representations.aird.hepsy,70.33000755310059
