node,execution_time
wrapper,5.075403690338135
wrapper,5.081247806549072
wrapper,10.259490728378296
wrapper,10.636204481124878
wrapper,10.715869426727295
wrapper,10.553848028182983
wrapper,5.050878047943115
wrapper,10.400609254837036
wrapper,10.86031198501587
wrapper,5.438084840774536
FILE_2024-02-14 14.50 03%20-%20RT%20App%20Paper-representations.aird.hepsy,89.02268290519714
