node,execution_time
wrapper,5.676007270812988
wrapper,6.815271615982056
wrapper,12.764887809753418
wrapper,10.895018100738525
wrapper,13.792473554611206
wrapper,12.594837188720703
wrapper,5.219542503356934
wrapper,5.282365322113037
wrapper,5.0973968505859375
wrapper,5.070521831512451
FILE_2024-02-14 17.00 09%20-%20Susan-representations.aird.hepsy,88.28018450737
