node,execution_time
wrapper,5.11385703086853
wrapper,5.093329906463623
wrapper,17.89255666732788
wrapper,5.575798988342285
FILE_2024-02-14 17.46 10%20-%20JPEG_encoder-representations.aird.hepsy,38.744019746780396
