node,total_emissions
generate_query_node,6.474002686253135e-08
cache_context_node,6.661763942617317e-08
model_generation_node,0.0001051744812830655
model_validation_node,1.5784261760629298e-07
FILE_2024-02-14 17.46 10%20-%20JPEG_encoder-representations.aird.hepsy,0.00021660396361526454
