node,execution_time
wrapper,5.132412672042847
wrapper,5.155466079711914
wrapper,25.047129154205322
wrapper,21.49152684211731
wrapper,37.62709617614746
wrapper,5.0124192237854
wrapper,5.044790267944336
wrapper,4.993133544921875
wrapper,5.004945516586304
wrapper,5.01961612701416
FILE_2024-02-14 15.51 06%20-%20Sobel-representations.aird.hepsy,124.62816166877747
