node,execution_time
wrapper,5.0369508266448975
wrapper,5.056085824966431
wrapper,25.45116424560547
wrapper,23.001821279525757
wrapper,19.431349992752075
wrapper,32.04275035858154
wrapper,5.022509336471558
wrapper,20.70974636077881
wrapper,22.354901790618896
wrapper,5.0978522300720215
FILE_2024-02-14 17.00 09%20-%20Susan-representations.aird.hepsy,168.22519207000732
