node,execution_time
wrapper,5.06999945640564
wrapper,5.06600022315979
wrapper,20.032906532287598
wrapper,22.2972891330719
wrapper,19.689414739608765
wrapper,28.047014713287354
wrapper,5.1612608432769775
wrapper,16.610703468322754
wrapper,5.050992250442505
FILE_2024-02-14 18.30 13%20-%20FIRFIRGCD_HPV-representations.aird.hepsy,132.02541255950928
