node,execution_time
wrapper,4.9952545166015625
wrapper,5.012822866439819
wrapper,23.952065229415894
wrapper,5.041768312454224
FILE_2024-02-14 17.46 10%20-%20JPEG_encoder-representations.aird.hepsy,44.03565979003906
