node,execution_time
wrapper,5.0893120765686035
wrapper,4.97118067741394
wrapper,32.63372874259949
wrapper,34.45613670349121
wrapper,37.63812279701233
wrapper,29.60563373565674
wrapper,5.064793586730957
wrapper,24.360158681869507
wrapper,27.451651573181152
wrapper,5.076768159866333
FILE_2024-02-14 15.52 07%20-%20Roberts-representations.aird.hepsy,211.34816598892212
