node,execution_time
wrapper,5.034188270568848
wrapper,5.08847713470459
wrapper,22.117411136627197
wrapper,5.051347255706787
FILE_2024-02-14 17.58 11%20-%20JPEG%20Reduced-representations.aird.hepsy,42.304399251937866
