total_emissions,file_name
0.0006824486885954638,ex10_writer0000.bpmn
0.0007107333660238927,TOTAL_APP
