total_emissions,node
7.648417426681147e-08,generate_query_node
1.5012400739237245e-07,cache_context_node
0.00019083027726456896,model_generation_node
2.0713839267934632e-07,model_validation_node
0.00030245479538406993,FILE_ex04_writer0008.bpmn
