node,execution_time
wrapper,5.079063892364502
wrapper,5.047626972198486
wrapper,22.271454572677612
wrapper,4.979491949081421
FILE_ex01_writer0001.bpmn,42.42539644241333
