file_name,execution_time
ex10_writer0000.bpmn,127.84538245201111
TOTAL_APP,127.90386366844177
