node,execution_time
wrapper,4.993767023086548
wrapper,5.001183032989502
wrapper,29.10911250114441
wrapper,28.066577196121216
wrapper,30.70254397392273
wrapper,29.506364107131958
wrapper,4.979321241378784
wrapper,4.991760730743408
wrapper,5.119713544845581
wrapper,5.054256916046143
FILE_ex02_writer0001.bpmn,152.4778470993042
