node,execution_time
wrapper,4.984341144561768
wrapper,4.935270071029663
wrapper,4.973439693450928
wrapper,5.074519872665405
FILE_ex00_writer0001.bpmn,24.9634370803833
