node,execution_time
wrapper,5.033854722976685
wrapper,5.09716272354126
wrapper,25.35000991821289
wrapper,5.17699408531189
FILE_ex08_writer0000.bpmn,45.86012268066406
