node,execution_time
wrapper,5.019391775131226
wrapper,4.988263368606567
wrapper,39.35794997215271
wrapper,4.996099948883057
FILE_ex04_writer0008.bpmn,59.34335660934448
