node,execution_time
wrapper,4.981817722320557
wrapper,4.950902223587036
wrapper,36.11458086967468
wrapper,33.121460914611816
wrapper,25.84205412864685
wrapper,5.0666282176971436
wrapper,5.075883865356445
wrapper,5.000790357589722
wrapper,4.979102611541748
wrapper,4.991831302642822
FILE_ex03_writer0001.bpmn,135.07802057266235
