node,execution_time
wrapper,5.098417043685913
wrapper,5.069807529449463
wrapper,17.899278163909912
wrapper,26.529887676239014
wrapper,21.238592624664307
wrapper,26.548937797546387
wrapper,5.134803056716919
wrapper,5.144449472427368
wrapper,5.052242040634155
wrapper,5.041934490203857
FILE_ex10_writer0000.bpmn,127.84538245201111
