node,execution_time
wrapper,5.058826684951782
wrapper,4.948558568954468
wrapper,16.185333490371704
wrapper,16.621294736862183
wrapper,18.21704411506653
wrapper,21.355828046798706
wrapper,5.3320136070251465
wrapper,5.393165826797485
wrapper,5.1113762855529785
wrapper,5.1180078983306885
FILE_ex07_writer0000.bpmn,108.27404570579529
