node,execution_time
wrapper,5.401035308837891
wrapper,4.9456257820129395
wrapper,25.687545776367188
wrapper,33.397595167160034
wrapper,41.267024755477905
wrapper,4.998900413513184
wrapper,5.022099733352661
wrapper,5.050821304321289
wrapper,5.059274673461914
wrapper,5.0757176876068115
FILE_ex05_writer0013.bpmn,141.09228920936584
