node,execution_time
wrapper,5.431842565536499
wrapper,5.050800323486328
wrapper,32.203749895095825
wrapper,12.44654655456543
wrapper,10.131147623062134
wrapper,5.024721145629883
wrapper,5.046130418777466
wrapper,5.019379615783691
wrapper,4.958531618118286
wrapper,4.958671808242798
FILE_2024-02-14 14.50 03%20-%20RT%20App%20Paper-representations.aird.hepsy,95.43707275390625
