file_name,total_emissions
test-rag.hepsy,0.005078123661744125
TOTAL_APP,0.005316093749324194
