node,execution_time
wrapper,5.132692337036133
wrapper,10.165690660476685
wrapper,7.253243446350098
wrapper,8.634333610534668
wrapper,5.629036903381348
wrapper,5.775269508361816
wrapper,11.747894287109375
wrapper,9.920967102050781
wrapper,5.653829336166382
wrapper,5.993729591369629
wrapper,8.790223121643066
wrapper,7.639257192611694
FILE_test-rag.hepsy,93.01801562309265
