total_emissions,file_name
0.20922912668863172,test-rag.hepsy
0.20957625346286807,TOTAL_APP
