file_name,execution_time
test-rag.hepsy,3120.8267703056335
TOTAL_APP,3120.8627531528473
