node,total_emissions
generate_query_node,6.739264471616784e-08
cache_context_node,9.432946030825145e-08
model_generation_node,9.47891950907672e-05
model_validation_node,1.606780691626343e-07
FILE_2024-02-14 17.58 11%20-%20JPEG%20Reduced-representations.aird.hepsy,0.00020705605902170322
