node,execution_time
wrapper,4.923964977264404
wrapper,4.893198728561401
wrapper,4.913772821426392
wrapper,33.48494291305542
wrapper,26.049838542938232
wrapper,5.007122278213501
wrapper,4.953387498855591
wrapper,23.413384914398193
wrapper,31.346839904785156
wrapper,5.0238730907440186
FILE_2024-02-14 14.40 02%20-%20RT%20App-representations.aird.hepsy,148.94562911987305
