total_emissions,node
3.897466021575777e-08,generate_query_from_metamodel
0.0001857621818835076,generate_query_node
0.00010531143752973005,web_search
0.0004294576879429423,generate_web
2.2635909985111816e-05,grade_generation_v_documents_and_question
4.1889074848493124e-05,evaluate_web_search_output
0.00012106621083658674,evaluate_web_bert_score
0.00025762509034881435,cache_context_node
0.0026113362496616,FILE_test-rag.hepsy
