file_name,total_emissions
test-rag.hepsy,0.0026113362496616
TOTAL_APP,0.0028008806153635435
