node,execution_time
wrapper,4.926151275634766
wrapper,10.145158767700195
wrapper,7.946123838424683
wrapper,15.323205709457397
wrapper,5.912109136581421
wrapper,6.018684148788452
wrapper,7.429850816726685
wrapper,11.491008043289185
FILE_test-rag.hepsy,70.19248604774475
