node,total_emissions
generate_query_node,3.34591395552392e-06
cache_context_node,2.206187008178856e-06
model_generation_node,0.00017933064224763236
model_validation_node,1.4506755426810902e-05
FILE_2024-02-14 17.58 11%20-%20JPEG%20Reduced-representations.aird.hepsy,0.0004236422124264965
