node,total_emissions
generate_query_node,6.005812202397699e-08
cache_context_node,1.0182189622067341e-07
model_generation_node,0.00018637694412440483
model_validation_node,1.506047360263441e-07
FILE_2024-02-13 16.44 00%20-%20DigitalCam%20Nominal-representations.aird.hepsy,0.00030163129574923946
