node,total_emissions
generate_query_node,9.848011820845893e-08
cache_context_node,1.0742829762237609e-07
model_generation_node,8.633923247248011e-05
model_validation_node,1.3510666584566853e-07
FILE_2024-02-14 14.50 03%20-%20RT%20App%20Paper-representations.aird.hepsy,0.00020022120531748073
