node,execution_time
wrapper,13.032519102096558
wrapper,16.477296113967896
wrapper,32.58952450752258
wrapper,7.032989501953125
FILE_2024-02-14 17.46 10%20-%20JPEG_encoder-representations.aird.hepsy,80.16771340370178
