node,execution_time
wrapper,5.632225513458252
wrapper,5.440903902053833
wrapper,34.05160427093506
wrapper,24.036102294921875
wrapper,35.6240873336792
wrapper,33.14282441139221
wrapper,5.072977542877197
wrapper,33.09620642662048
wrapper,37.55277132987976
wrapper,5.102949142456055
FILE_2024-02-13 16.59 00%20-%20DigitalCam%20Parallel-representations.aird.hepsy,224.03303217887878
