node,execution_time
wrapper,7.712443828582764
wrapper,6.191773414611816
wrapper,26.321001052856445
wrapper,27.534290075302124
wrapper,23.774096250534058
wrapper,25.461933612823486
wrapper,6.335550308227539
wrapper,35.695690393447876
wrapper,43.752427101135254
wrapper,20.244937419891357
FILE_2024-02-14 17.00 09%20-%20Susan-representations.aird.hepsy,230.11422443389893
