node,execution_time
wrapper,5.016944408416748
wrapper,5.05543327331543
wrapper,21.020033836364746
wrapper,5.091939449310303
FILE_2024-02-14 14.50 03%20-%20RT%20App%20Paper-representations.aird.hepsy,41.11625838279724
