node,execution_time
wrapper,13.966331243515015
wrapper,9.286635637283325
wrapper,39.82872819900513
wrapper,15.784260988235474
FILE_2024-02-14 17.58 11%20-%20JPEG%20Reduced-representations.aird.hepsy,88.04210996627808
