total_emissions,node
9.259765655815821e-08,generate_query_node
4.115065644514617e-08,cache_context_node
4.8447615797787535e-08,model_generation_node
1.0533056650450911e-07,model_validation_node
0.00011026610931089414,FILE_ex10_writer0000.bpmn
