node,execution_time
wrapper,4.88828182220459
wrapper,4.848791122436523
wrapper,34.07064080238342
wrapper,53.948437452316284
wrapper,4.875349521636963
wrapper,5.010119676589966
wrapper,4.88140869140625
wrapper,4.908989667892456
wrapper,4.90307092666626
wrapper,4.940660238265991
FILE_ex03_writer0001.bpmn,132.10727167129517
