file_name,execution_time
ex00_writer0001.bpmn,24.760184288024902
ex01_writer0001.bpmn,24.82326364517212
ex02_writer0001.bpmn,24.525354862213135
ex03_writer0001.bpmn,24.67533278465271
ex04_writer0008.bpmn,24.575924158096313
ex05_writer0013.bpmn,24.669471263885498
ex07_writer0000.bpmn,24.889845609664917
ex08_writer0000.bpmn,24.705857038497925
ex09_writer0002.bpmn,24.49532914161682
ex10_writer0000.bpmn,24.797202110290527
TOTAL_APP,247.4003882408142
