node,execution_time
wrapper,4.87894606590271
wrapper,4.9138383865356445
wrapper,4.875782012939453
wrapper,4.87586522102356
FILE_ex01_writer0001.bpmn,24.40927028656006
