node,execution_time
wrapper,4.888984203338623
wrapper,4.889209508895874
wrapper,37.56621599197388
wrapper,4.947193145751953
FILE_ex05_writer0013.bpmn,57.137859582901
