node,execution_time
wrapper,4.932817220687866
wrapper,4.951975107192993
wrapper,5.183926820755005
wrapper,5.433422565460205
FILE_ex00_writer0001.bpmn,25.46747064590454
