node,execution_time
wrapper,4.876610279083252
wrapper,4.8954291343688965
wrapper,16.069555282592773
wrapper,4.944396734237671
FILE_ex04_writer0008.bpmn,35.62872290611267
