node,execution_time
wrapper,4.995368719100952
wrapper,4.9730188846588135
wrapper,4.982929944992065
wrapper,4.896957635879517
FILE_ex10_writer0000.bpmn,24.797202110290527
