file_name,total_emissions
test-rag.hepsy,0.00550495745616796
TOTAL_APP,0.005601331123276776
