file_name,total_emissions
test-rag.hepsy,0.0017312285219398518
TOTAL_APP,0.0018686681872054362
