node,execution_time
wrapper,4.997631549835205
wrapper,9.994009971618652
wrapper,7.379056215286255
wrapper,10.913589000701904
wrapper,6.08120322227478
wrapper,5.747358322143555
wrapper,7.343513488769531
wrapper,8.44096326828003
FILE_test-rag.hepsy,61.88742637634277
