total_emissions,file_name
0.007687764875112238,test-rag.hepsy
0.008023879403477952,TOTAL_APP
