node,execution_time
wrapper,5.223912477493286
wrapper,10.35594916343689
wrapper,5.115069389343262
wrapper,29.08298683166504
wrapper,6.333000659942627
wrapper,7.326117753982544
wrapper,8.05297589302063
wrapper,27.10185670852661
FILE_test-rag.hepsy,119.7256338596344
