total_emissions,node
9.574661256064629e-08,generate_query_from_metamodel
0.0003455720751481639,generate_query_node
1.5293738217278649e-07,retrieve
0.00028328579507987594,grade_documents
0.0031369902775422683,grade_generation_v_documents_and_question
0.00010893191322407612,evaluate_rag_output
0.0002263663265955885,evaluate_bert_score
0.0007969317509087474,cache_context_node
0.015237326640396256,FILE_test-rag.hepsy
