total_emissions,file_name
0.015237326640396256,test-rag.hepsy
0.015575060284633756,TOTAL_APP
