node,execution_time
wrapper,5.112761974334717
wrapper,10.316647291183472
wrapper,5.2919206619262695
wrapper,9.37265658378601
wrapper,52.212035179138184
wrapper,6.807342767715454
wrapper,8.405996084213257
wrapper,16.917627096176147
FILE_test-rag.hepsy,233.08975195884705
