file_name,execution_time
test-rag.hepsy,233.08975195884705
TOTAL_APP,233.12374591827393
