node,total_emissions
generate_query_node,4.576867531490787e-08
cache_context_node,5.4974957283104375e-08
model_generation_node,6.406773115019278e-05
model_validation_node,2.162980495021257e-05
model_validation_node,3.1733583759380106e-07
FILE_2024-02-14 18.30 13%20-%20FIRFIRGCD_HPV-representations.aird.hepsy,0.00022375846401659393
