node,total_emissions
generate_query_node,1.6038499811280018e-07
cache_context_node,1.451973689558699e-07
model_generation_node,3.5063725896991096e-05
model_validation_node,2.2413819448078617e-05
model_validation_node,1.527021381500152e-07
FILE_2024-02-13 16.44 00%20-%20DigitalCam%20Nominal-representations.aird.hepsy,0.00020026906359537513
