node,execution_time
wrapper,4.932560920715332
wrapper,4.91384482383728
wrapper,13.127564668655396
wrapper,11.052607536315918
wrapper,13.008360862731934
wrapper,10.681495189666748
wrapper,5.011805295944214
wrapper,5.0335023403167725
wrapper,5.019328594207764
wrapper,5.0411317348480225
FILE_2024-02-14 15.51 06%20-%20Sobel-representations.aird.hepsy,82.73253655433655
