total_emissions,node
1.1607440729117286e-07,generate_query_node
5.157020156229281e-08,cache_context_node
0.0009731188901759238,model_generation_node
0.0005828106913030258,model_validation_node
0.0009122698598313843,model_validation_node
1.2873731664512552e-07,model_validation_node
0.004574652106713592,FILE_2024-02-13 16.59 00%20-%20DigitalCam%20Parallel-representations.aird.hepsy
