total_emissions,node
6.703979004032438e-08,generate_query_node
4.4273716380219556e-08,cache_context_node
0.0004913965502281497,model_generation_node
0.00048233570852577583,model_validation_node
0.0004264407862219705,model_validation_node
1.8746195027078396e-07,model_validation_node
0.0033683099487924616,FILE_2024-02-13 17.34 01%20-%20FIRFIRGCD-representations.aird.hepsy
