node,execution_time
wrapper,5.091911792755127
wrapper,5.393893718719482
wrapper,11.270621538162231
wrapper,10.374874353408813
wrapper,10.38576602935791
wrapper,10.215163469314575
wrapper,5.220908164978027
wrapper,5.115580797195435
wrapper,5.1811981201171875
wrapper,5.195873260498047
FILE_2024-02-14 18.30 13%20-%20FIRFIRGCD_HPV-representations.aird.hepsy,78.59514164924622
