node,execution_time
wrapper,5.158274412155151
wrapper,5.063715696334839
wrapper,12.709684133529663
wrapper,12.515434741973877
wrapper,11.698601484298706
wrapper,5.045387268066406
FILE_2024-02-13 17.34 01%20-%20FIRFIRGCD-representations.aird.hepsy,57.29716372489929
