node,execution_time
wrapper,5.15374755859375
wrapper,5.105325222015381
wrapper,20.024306535720825
wrapper,15.32388162612915
wrapper,18.946828842163086
wrapper,5.0987865924835205
FILE_2024-02-13 16.59 00%20-%20DigitalCam%20Parallel-representations.aird.hepsy,74.75103235244751
