node,execution_time
wrapper,5.522616147994995
wrapper,5.441774845123291
wrapper,11.198577642440796
wrapper,5.20686149597168
FILE_2024-02-14 17.58 11%20-%20JPEG%20Reduced-representations.aird.hepsy,32.40244936943054
