node,execution_time
wrapper,5.094182729721069
wrapper,5.07910418510437
wrapper,13.65421175956726
wrapper,12.59554123878479
wrapper,15.464674949645996
wrapper,22.011572122573853
wrapper,5.239948749542236
wrapper,5.097161769866943
wrapper,5.146224737167358
wrapper,5.4349424839019775
FILE_2024-02-14 15.52 07%20-%20Roberts-representations.aird.hepsy,99.99320197105408
