node,execution_time
wrapper,5.230801343917847
wrapper,5.448408603668213
wrapper,16.951953887939453
wrapper,15.53445839881897
wrapper,18.042091608047485
wrapper,16.510421752929688
wrapper,5.360929489135742
wrapper,17.51918864250183
wrapper,16.47732973098755
wrapper,5.461457252502441
FILE_2024-02-14 14.50 03%20-%20RT%20App%20Paper-representations.aird.hepsy,127.94623017311096
