node,execution_time
wrapper,5.65939474105835
wrapper,5.522432088851929
wrapper,22.549670696258545
wrapper,24.740192890167236
wrapper,5.3916826248168945
FILE_2024-02-14 15.51 06%20-%20Sobel-representations.aird.hepsy,69.15250492095947
