node,execution_time
wrapper,5.15921950340271
wrapper,5.264911651611328
wrapper,51.48443794250488
wrapper,50.85142111778259
wrapper,5.2115702629089355
wrapper,5.265230894088745
wrapper,5.2016730308532715
wrapper,5.079195499420166
wrapper,5.089562177658081
wrapper,5.162783861160278
FILE_ex10_writer0000.bpmn,148.87315487861633
