node,execution_time
wrapper,5.3523759841918945
wrapper,5.61385440826416
wrapper,54.51153326034546
wrapper,5.040173768997192
FILE_ex07_writer0000.bpmn,75.6211519241333
