node,execution_time
wrapper,5.21062445640564
wrapper,5.643863201141357
wrapper,102.10831785202026
wrapper,5.1937620639801025
FILE_ex03_writer0001.bpmn,123.15474128723145
