node,execution_time
wrapper,13.08018183708191
wrapper,10.975752830505371
wrapper,22.97301721572876
wrapper,33.74308228492737
wrapper,23.487847089767456
wrapper,30.59407949447632
wrapper,7.064658164978027
wrapper,24.366334676742554
wrapper,25.0240638256073
wrapper,7.060134410858154
FILE_2024-02-13 16.59 00%20-%20DigitalCam%20Parallel-representations.aird.hepsy,203.88081097602844
