node,execution_time
wrapper,4.948591232299805
wrapper,5.016495227813721
wrapper,43.47522687911987
wrapper,46.299686431884766
wrapper,5.115593671798706
FILE_ex02_writer0001.bpmn,109.8727810382843
