node,execution_time
wrapper,5.0570573806762695
wrapper,4.997125864028931
wrapper,37.77015709877014
wrapper,5.068859338760376
FILE_ex01_writer0001.bpmn,58.00527215003967
