node,execution_time
wrapper,5.112006187438965
wrapper,5.00745415687561
wrapper,42.93763494491577
wrapper,5.121658802032471
FILE_ex00_writer0001.bpmn,63.20048451423645
