total_emissions,node
5.0822273282907986e-08,generate_query_node
1.2974960444996876e-07,cache_context_node
0.000721237602841551,model_generation_node
1.3818500778789452e-07,model_validation_node
0.0018509120295315947,FILE_2024-02-14 15.40 05%20-%20Hepsy%20Example-representations.aird.hepsy
