total_emissions,node
6.581155831621936e-06,generate_query_node
7.34107748810348e-08,cache_context_node
0.0009968275184622213,model_generation_node
1.4418902784676977e-07,model_validation_node
0.0020352490587295844,FILE_2024-02-14 16.25 08%20-%20RASTA-PLP-representations.aird.hepsy
