total_emissions,node
9.29944543400143e-08,generate_query_node
6.412706148990855e-06,cache_context_node
0.0009493557233777566,model_generation_node
6.705066800049475e-06,model_validation_node
0.0019918029356532844,FILE_2024-02-14 14.50 03%20-%20RT%20App%20Paper-representations.aird.hepsy
