total_emissions,node
6.612926960487179e-08,generate_query_node
1.1123407970131496e-07,cache_context_node
0.0014743197770114437,model_generation_node
0.0012086620725869628,model_validation_node
5.714463510560335e-06,model_validation_node
0.003979827546892137,FILE_2024-02-13 16.59 00%20-%20DigitalCam%20Parallel-representations.aird.hepsy
