node,execution_time
wrapper,5.008907794952393
wrapper,4.971014022827148
wrapper,21.175852298736572
wrapper,25.695531845092773
wrapper,20.09711503982544
wrapper,5.2697038650512695
FILE_2024-02-13 17.34 01%20-%20FIRFIRGCD-representations.aird.hepsy,87.37168884277344
