node,execution_time
wrapper,5.330451965332031
wrapper,5.072787284851074
wrapper,27.16355276107788
wrapper,19.407785892486572
wrapper,18.993164539337158
wrapper,24.090723514556885
wrapper,5.069441556930542
wrapper,19.046080827713013
wrapper,18.81173300743103
wrapper,4.9728875160217285
FILE_2024-02-14 18.17 12%20-%20FIRFIRGCD_ext-representations.aird.hepsy,152.94496989250183
