node,execution_time
wrapper,5.016070604324341
wrapper,9.965710163116455
wrapper,5.081346273422241
wrapper,15.930129766464233
wrapper,6.014035224914551
wrapper,7.293313503265381
wrapper,7.689646244049072
wrapper,39.72703456878662
wrapper,24.30207085609436
wrapper,5.061124801635742
FILE_2024-02-13 16.44 00%20-%20DigitalCam%20Nominal-representations.aird.hepsy,159.25641918182373
