node,execution_time
wrapper,4.932669162750244
wrapper,4.999823570251465
wrapper,21.642142295837402
wrapper,5.046797513961792
FILE_2024-02-14 18.30 13%20-%20FIRFIRGCD_HPV-representations.aird.hepsy,41.559662103652954
