node,execution_time
wrapper,5.122099161148071
wrapper,5.058143138885498
wrapper,26.426554441452026
wrapper,4.986799001693726
FILE_2024-02-14 15.51 06%20-%20Sobel-representations.aird.hepsy,46.558332443237305
