node,execution_time
wrapper,5.604288816452026
wrapper,5.479915380477905
wrapper,18.651222467422485
wrapper,18.306020736694336
wrapper,19.116018056869507
wrapper,24.529337167739868
wrapper,5.78369402885437
wrapper,21.377498865127563
wrapper,18.350502729415894
wrapper,5.299950122833252
FILE_2024-02-14 16.25 08%20-%20RASTA-PLP-representations.aird.hepsy,147.75065231323242
