node,execution_time
wrapper,5.670593500137329
wrapper,5.337567329406738
wrapper,23.475043535232544
wrapper,5.312942981719971
FILE_2024-02-14 18.17 12%20-%20FIRFIRGCD_ext-representations.aird.hepsy,45.008623361587524
