node,execution_time
wrapper,6.583983898162842
wrapper,7.886139392852783
wrapper,23.850917100906372
wrapper,5.6707048416137695
FILE_2024-02-14 15.52 07%20-%20Roberts-representations.aird.hepsy,49.620726585388184
