node,execution_time
wrapper,5.181457996368408
wrapper,5.146170139312744
wrapper,23.08242678642273
wrapper,27.747534036636353
wrapper,27.69260048866272
wrapper,26.6814386844635
wrapper,5.463697910308838
wrapper,24.923761129379272
wrapper,24.257961750030518
wrapper,5.16624903678894
FILE_2024-02-13 16.59 00%20-%20DigitalCam%20Parallel-representations.aird.hepsy,180.46308946609497
