node,execution_time
wrapper,6.022216320037842
wrapper,5.3172876834869385
wrapper,19.856531381607056
wrapper,21.415953159332275
wrapper,19.733325242996216
wrapper,19.415220260620117
wrapper,5.3960466384887695
wrapper,21.320798873901367
wrapper,19.515130519866943
wrapper,5.266002416610718
FILE_2024-02-14 17.00 09%20-%20Susan-representations.aird.hepsy,148.33132600784302
