node,execution_time
wrapper,5.260777473449707
wrapper,5.482755422592163
wrapper,6.0111119747161865
wrapper,25.786258459091187
wrapper,22.664913654327393
wrapper,23.822469234466553
wrapper,5.280532360076904
wrapper,24.145877599716187
wrapper,21.327553272247314
wrapper,5.156441688537598
FILE_2024-02-14 14.40 02%20-%20RT%20App-representations.aird.hepsy,149.94018125534058
