node,execution_time
wrapper,6.703073978424072
wrapper,6.234590768814087
wrapper,20.217100858688354
wrapper,6.36673378944397
FILE_2024-02-14 15.40 05%20-%20Hepsy%20Example-representations.aird.hepsy,45.05848956108093
