total_emissions,node
2.1308603180504667e-06,generate_query_node
4.520807061210535e-08,cache_context_node
1.4172402050605514e-06,model_generation_node
2.783786569733966e-07,model_validation_node
0.00013768950549028798,FILE_ex00_writer0001.bpmn
