node,execution_time
wrapper,6.910245895385742
wrapper,5.119180202484131
wrapper,6.332732915878296
wrapper,7.070815086364746
FILE_ex00_writer0001.bpmn,30.828467845916748
