total_emissions,file_name
0.010429020832770327,test-rag.hepsy
0.010779033744455446,TOTAL_APP
