total_emissions,node
5.339015988950861e-08,generate_query_from_metamodel
0.0003418800994180505,generate_query_node
1.6336504653407089e-07,retrieve
0.0010987472081138833,grade_documents
0.000924437576367924,grade_generation_v_documents_and_question
0.00025576488027396886,evaluate_rag_output
0.00020383328816672556,evaluate_bert_score
0.0020840091495449896,cache_context_node
0.010429020832770327,FILE_test-rag.hepsy
