node,execution_time
wrapper,5.077392101287842
wrapper,10.07700490951538
wrapper,5.150111198425293
wrapper,21.77173376083374
wrapper,19.305803537368774
wrapper,9.260833740234375
wrapper,8.310655355453491
wrapper,37.249637603759766
FILE_test-rag.hepsy,162.64024138450623
