file_name,execution_time
test-rag.hepsy,162.64024138450623
TOTAL_APP,162.68624019622803
