node,execution_time
wrapper,4.981622219085693
wrapper,4.939676761627197
wrapper,23.461787462234497
wrapper,24.57485866546631
wrapper,25.832878828048706
wrapper,23.96523642539978
wrapper,5.106834650039673
wrapper,32.499135971069336
wrapper,24.7615008354187
wrapper,4.951727628707886
FILE_2024-02-14 15.04 04%20-%20RT%20App%20Paper%202-representations.aird.hepsy,180.2038116455078
