total_emissions,file_name
0.010494631286641496,test-rag.hepsy
0.01082695640966513,TOTAL_APP
