node,execution_time
wrapper,5.20194411277771
wrapper,10.232324600219727
wrapper,5.0932090282440186
wrapper,28.241886615753174
wrapper,6.387063264846802
wrapper,7.956997871398926
wrapper,7.907955884933472
wrapper,52.44590997695923
FILE_test-rag.hepsy,161.93709588050842
