file_name,execution_time
test-rag.hepsy,161.93709588050842
TOTAL_APP,161.98248076438904
