total_emissions,file_name
0.006680883495508957,test-rag.hepsy
0.007034040947231276,TOTAL_APP
