file_name,execution_time
test-rag.hepsy,104.84079647064209
TOTAL_APP,104.90272760391235
