node,execution_time
wrapper,5.104393482208252
wrapper,10.225773811340332
wrapper,5.506497144699097
wrapper,10.077437400817871
wrapper,6.761350393295288
wrapper,8.11656403541565
wrapper,8.879405498504639
wrapper,21.129724979400635
FILE_test-rag.hepsy,104.84079647064209
