node,total_emissions
generate_query_node,4.337927391244618e-08
cache_context_node,1.1834094244495381e-07
model_generation_node,0.00015713977833342377
model_validation_node,0.000136055230513876
model_validation_node,3.464374399129802e-07
FILE_2024-02-14 18.30 13%20-%20FIRFIRGCD_HPV-representations.aird.hepsy,0.0004309301532160131
