node,total_emissions
generate_query_node,1.182443107802139e-07
cache_context_node,7.515490492365282e-08
model_generation_node,8.55779080299778e-05
model_validation_node,7.909394015035283e-05
model_validation_node,3.760749471578004e-07
FILE_2024-02-14 15.40 05%20-%20Hepsy%20Example-representations.aird.hepsy,0.0003107045528055128
