node,execution_time
wrapper,4.909019231796265
wrapper,4.909132242202759
wrapper,33.39726972579956
wrapper,29.466879844665527
wrapper,5.065446138381958
FILE_2024-02-14 18.30 13%20-%20FIRFIRGCD_HPV-representations.aird.hepsy,82.64127230644226
