node,execution_time
wrapper,4.966341018676758
wrapper,4.914045810699463
wrapper,38.36644244194031
wrapper,53.02666521072388
wrapper,54.9781129360199
wrapper,42.77942085266113
wrapper,4.918932676315308
wrapper,38.50792837142944
wrapper,42.04125118255615
wrapper,5.046527147293091
FILE_2024-02-13 16.59 00%20-%20DigitalCam%20Parallel-representations.aird.hepsy,294.534628868103
