node,execution_time
wrapper,5.196165561676025
wrapper,5.361966133117676
wrapper,21.05755090713501
wrapper,5.1094970703125
FILE_2024-02-14 15.51 06%20-%20Sobel-representations.aird.hepsy,42.06363344192505
