node,execution_time
wrapper,5.182487487792969
wrapper,5.0568764209747314
wrapper,18.35377860069275
wrapper,21.502551078796387
wrapper,29.761956691741943
wrapper,5.981120347976685
FILE_2024-02-14 17.00 09%20-%20Susan-representations.aird.hepsy,90.88925099372864
