node,execution_time
wrapper,4.981377840042114
wrapper,5.0309367179870605
wrapper,5.055622577667236
wrapper,25.785174131393433
wrapper,34.79122853279114
wrapper,16.52091908454895
wrapper,5.085761547088623
wrapper,18.438071966171265
wrapper,5.137065172195435
FILE_2024-02-14 14.40 02%20-%20RT%20App-representations.aird.hepsy,125.89286875724792
