node,execution_time
wrapper,4.9933552742004395
wrapper,5.164853572845459
wrapper,25.295955419540405
wrapper,22.316646575927734
wrapper,20.973514556884766
wrapper,5.042177677154541
FILE_2024-02-13 17.34 01%20-%20FIRFIRGCD-representations.aird.hepsy,89.2351131439209
