total_emissions,node
1.3618703242248469e-05,generate_query_node
5.484524888704032e-05,cache_context_node
0.0011360212659326254,model_generation_node
4.789246567350601e-06,model_validation_node
0.0033278491677166643,FILE_2024-02-14 17.58 11%20-%20JPEG%20Reduced-representations.aird.hepsy
