total_emissions,node
6.378883943371823e-06,generate_query_node
2.3897547366825254e-07,cache_context_node
0.0012838318961503092,model_generation_node
2.2865212449735371e-07,model_validation_node
0.002784252540202835,FILE_2024-02-14 16.25 08%20-%20RASTA-PLP-representations.aird.hepsy
