node,execution_time
wrapper,5.503588914871216
wrapper,6.279709339141846
wrapper,31.01921248435974
wrapper,5.610831260681152
FILE_2024-02-14 17.46 10%20-%20JPEG_encoder-representations.aird.hepsy,53.982752323150635
