node,execution_time
wrapper,14.672503471374512
wrapper,6.076781511306763
wrapper,25.789759159088135
wrapper,27.93104362487793
wrapper,29.29151678085327
wrapper,5.752074241638184
FILE_2024-02-14 18.30 13%20-%20FIRFIRGCD_HPV-representations.aird.hepsy,119.72204351425171
