node,execution_time
wrapper,5.593868255615234
wrapper,5.9172351360321045
wrapper,24.44957685470581
wrapper,22.726478576660156
wrapper,22.287770748138428
wrapper,21.170713901519775
wrapper,5.17454981803894
wrapper,25.348403453826904
wrapper,20.93726086616516
wrapper,5.263598680496216
FILE_2024-02-14 14.50 03%20-%20RT%20App%20Paper-representations.aird.hepsy,163.9527997970581
