node,execution_time
wrapper,5.260128736495972
wrapper,5.552164077758789
wrapper,5.496785879135132
wrapper,6.080999374389648
FILE_2024-02-14 15.51 06%20-%20Sobel-representations.aird.hepsy,28.58083415031433
