node,execution_time
wrapper,11.897922277450562
wrapper,9.536001443862915
wrapper,22.65084719657898
wrapper,5.761491775512695
FILE_2024-02-14 17.58 11%20-%20JPEG%20Reduced-representations.aird.hepsy,55.17811417579651
