node,execution_time
wrapper,6.384992361068726
wrapper,5.708191633224487
wrapper,26.982362031936646
wrapper,17.301897287368774
wrapper,22.463478088378906
wrapper,19.94733953475952
wrapper,5.521380424499512
wrapper,18.33648443222046
wrapper,6.795623779296875
FILE_2024-02-14 17.00 09%20-%20Susan-representations.aird.hepsy,135.1087725162506
