node,execution_time
wrapper,5.1621880531311035
wrapper,5.295723915100098
wrapper,25.892043113708496
wrapper,25.697333574295044
wrapper,23.75688076019287
wrapper,24.01754856109619
wrapper,5.1911187171936035
wrapper,21.438578844070435
wrapper,28.405516147613525
wrapper,5.415585279464722
FILE_2024-02-14 15.04 04%20-%20RT%20App%20Paper%202-representations.aird.hepsy,175.441468000412
