node,execution_time
wrapper,5.35072660446167
wrapper,5.286017894744873
wrapper,24.92354154586792
wrapper,21.215505123138428
wrapper,24.685964822769165
wrapper,22.968489408493042
wrapper,5.224592208862305
wrapper,28.35141897201538
wrapper,21.626358032226562
wrapper,5.853556871414185
FILE_2024-02-13 17.34 01%20-%20FIRFIRGCD-representations.aird.hepsy,170.56754565238953
