node,execution_time
wrapper,5.734408140182495
wrapper,5.32723069190979
wrapper,25.31415104866028
wrapper,5.423984050750732
FILE_2024-02-14 16.25 08%20-%20RASTA-PLP-representations.aird.hepsy,47.16021537780762
