node,execution_time
wrapper,5.128208875656128
wrapper,5.391008377075195
wrapper,18.2908833026886
wrapper,5.080113887786865
FILE_2024-02-13 16.44 00%20-%20DigitalCam%20Nominal-representations.aird.hepsy,38.923996448516846
