node,execution_time
wrapper,4.951100587844849
wrapper,4.929142713546753
wrapper,12.238435745239258
wrapper,4.900582551956177
FILE_2024-02-14 18.17 12%20-%20FIRFIRGCD_ext-representations.aird.hepsy,31.887808561325073
