node,execution_time
wrapper,4.967694520950317
wrapper,4.952409982681274
wrapper,5.247585773468018
wrapper,10.516464233398438
wrapper,9.944332361221313
wrapper,9.889037370681763
wrapper,5.131826639175415
wrapper,12.807974100112915
wrapper,13.601058959960938
wrapper,5.029714584350586
FILE_2024-02-14 14.40 02%20-%20RT%20App-representations.aird.hepsy,87.08423495292664
