node,total_emissions
generate_query_node,9.190405732912418e-08
cache_context_node,2.1923641372437321e-07
model_generation_node,0.0017678558284902567
model_validation_node,6.792328829816475e-06
FILE_2024-02-14 15.52 07%20-%20Roberts-representations.aird.hepsy,0.0032343793617985654
