node,total_emissions
generate_query_node,4.0939554991414793e-08
cache_context_node,4.258433229749391e-08
model_generation_node,0.0020422835620068015
model_validation_node,0.0018263255368690576
model_validation_node,2.394654129264361e-07
FILE_2024-02-14 16.25 08%20-%20RASTA-PLP-representations.aird.hepsy,0.005657056955362765
