node,total_emissions
generate_query_node,4.028137085036086e-08
cache_context_node,6.8035204205118215e-06
model_generation_node,6.327695356587559e-08
model_validation_node,0.0012723739825258517
model_validation_node,0.0017003191286471184
model_validation_node,6.897527960303358e-06
FILE_2024-02-14 14.40 02%20-%20RT%20App-representations.aird.hepsy,0.005387294503141677
