node,execution_time
wrapper,5.193725824356079
wrapper,5.218243837356567
wrapper,50.84366154670715
wrapper,5.230595588684082
FILE_2024-02-13 16.59 00%20-%20DigitalCam%20Parallel-representations.aird.hepsy,71.61620998382568
