node,execution_time
wrapper,5.356745004653931
wrapper,10.555654525756836
wrapper,6.0811450481414795
wrapper,21.17006778717041
wrapper,8.847418069839478
wrapper,9.370145797729492
wrapper,14.529159307479858
wrapper,62.00369071960449
wrapper,32.066149950027466
wrapper,5.172281980514526
FILE_2024-02-13 16.44 00%20-%20DigitalCam%20Nominal-representations.aird.hepsy,231.54559755325317
