node,execution_time
wrapper,5.381988048553467
wrapper,5.178170442581177
wrapper,25.435842990875244
wrapper,25.715038776397705
wrapper,24.661024808883667
wrapper,5.178023099899292
FILE_2024-02-14 14.50 03%20-%20RT%20App%20Paper-representations.aird.hepsy,96.70770144462585
