node,execution_time
wrapper,5.187018156051636
wrapper,5.181611061096191
wrapper,24.40622878074646
wrapper,25.75418257713318
wrapper,22.365391969680786
wrapper,24.0054190158844
wrapper,5.159499168395996
wrapper,23.06224274635315
wrapper,27.55170464515686
wrapper,5.1730797290802
FILE_2024-02-14 17.00 09%20-%20Susan-representations.aird.hepsy,172.9004545211792
