node,execution_time
wrapper,5.1875293254852295
wrapper,5.286149024963379
wrapper,39.3742151260376
wrapper,25.4035861492157
wrapper,25.800047159194946
wrapper,21.183711528778076
wrapper,5.099419355392456
wrapper,25.98336148262024
wrapper,25.916472911834717
wrapper,5.2727210521698
FILE_2024-02-13 17.34 01%20-%20FIRFIRGCD-representations.aird.hepsy,189.49671936035156
