total_emissions,file_name
0.011900611446017626,ex00_writer0001.bpmn
0.020916069628518302,ex01_writer0001.bpmn
0.01362928298884887,ex02_writer0001.bpmn
0.026692403271683502,ex03_writer0001.bpmn
0.012152777443613134,ex04_writer0008.bpmn
0.006341535829562306,ex05_writer0013.bpmn
0.018553486930500268,ex07_writer0000.bpmn
0.017403564615373405,ex08_writer0000.bpmn
0.026392522000135345,ex09_writer0002.bpmn
0.018971720120653263,ex10_writer0000.bpmn
0.17656804034226967,TOTAL_APP
