node,execution_time
wrapper,5.233052730560303
wrapper,5.2263689041137695
wrapper,69.48050570487976
wrapper,44.81464219093323
wrapper,50.92819690704346
wrapper,81.42204713821411
wrapper,7.0499937534332275
wrapper,6.59921932220459
wrapper,12.001635074615479
wrapper,5.791175603866577
FILE_ex10_writer0000.bpmn,293.63760900497437
