file_name,execution_time
ex00_writer0001.bpmn,185.52688789367676
ex01_writer0001.bpmn,325.58692598342896
ex02_writer0001.bpmn,211.1646282672882
ex03_writer0001.bpmn,409.0668194293976
ex04_writer0008.bpmn,190.07340693473816
ex05_writer0013.bpmn,101.5696394443512
ex07_writer0000.bpmn,286.8896462917328
ex08_writer0000.bpmn,269.8657331466675
ex09_writer0002.bpmn,405.6421287059784
ex10_writer0000.bpmn,293.63760900497437
TOTAL_APP,2680.290474176407
