node,execution_time
wrapper,5.532002925872803
wrapper,5.173004150390625
wrapper,29.740018367767334
wrapper,29.958359956741333
wrapper,36.83685255050659
wrapper,50.96093821525574
wrapper,5.811581611633301
wrapper,5.597967863082886
wrapper,5.577418565750122
wrapper,5.175837278366089
FILE_ex00_writer0001.bpmn,185.52688789367676
