node,execution_time
wrapper,5.648167848587036
wrapper,6.7533793449401855
wrapper,41.4381582736969
wrapper,41.30298972129822
wrapper,51.18417286872864
wrapper,37.61285877227783
wrapper,5.5726847648620605
wrapper,5.413573980331421
wrapper,5.371562242507935
wrapper,5.251434326171875
FILE_ex02_writer0001.bpmn,211.1646282672882
