node,execution_time
wrapper,5.170727968215942
wrapper,5.117296934127808
wrapper,79.47643232345581
wrapper,82.86640286445618
wrapper,115.60821604728699
wrapper,90.78145098686218
wrapper,5.434698104858398
wrapper,5.15599250793457
wrapper,5.231483697891235
wrapper,5.528026342391968
FILE_ex09_writer0002.bpmn,405.6421287059784
