node,execution_time
wrapper,5.55376124382019
wrapper,5.1690192222595215
wrapper,51.3783392906189
wrapper,58.13148093223572
wrapper,57.36357498168945
wrapper,64.93671441078186
wrapper,5.440005302429199
wrapper,5.577428817749023
wrapper,5.2268898487091064
wrapper,5.905667066574097
FILE_ex08_writer0000.bpmn,269.8657331466675
