total_emissions,node
7.90719914937764e-08,generate_query_node
4.790555048696962e-08,cache_context_node
0.0002634721015826124,model_generation_node
0.0002359905549526371,model_validation_node
0.00023952416090053846,model_validation_node
2.345355651659227e-07,model_validation_node
0.0009059344536530608,FILE_ex08_writer0000.bpmn
