total_emissions,node
2.4950569764131154e-07,generate_query_node
5.553943965868866e-08,cache_context_node
1.0368269272018024e-07,model_generation_node
1.2614853288783338e-07,model_validation_node
0.00011633128948012628,FILE_ex00_writer0001.bpmn
