file_name,execution_time
ex10_writer0000.bpmn,182.54926013946533
TOTAL_APP,182.59129118919373
