node,execution_time
wrapper,5.026204586029053
wrapper,5.019510984420776
wrapper,38.31245970726013
wrapper,39.62720561027527
wrapper,33.267876625061035
wrapper,35.92154002189636
wrapper,5.1702868938446045
wrapper,5.089998960494995
wrapper,5.06454873085022
wrapper,5.045996427536011
FILE_ex10_writer0000.bpmn,182.54926013946533
