node,execution_time
wrapper,5.1755690574646
wrapper,5.436751842498779
wrapper,5.078418731689453
wrapper,5.319196939468384
FILE_ex00_writer0001.bpmn,26.15676975250244
