node,execution_time
wrapper,5.077942848205566
wrapper,5.1872804164886475
wrapper,41.96323037147522
wrapper,5.030726432800293
FILE_ex01_writer0001.bpmn,62.24047541618347
